Rk,Player,Pos,Age,Tm,G,GS,MP,FG,FGA,FG%,3P,3PA,3P%,2P,2PA,2P%,eFG%,FT,FTA,FT%,ORB,DRB,TRB,AST,STL,BLK,TOV,PF,PS/G
1,Alex Abrines\abrinal01,SG,23,OKC,66,6,15.5,1.9,5.0,.391,1.3,3.6,.372,0.6,1.3,.443,.528,0.7,0.7,.898,0.2,1.0,1.2,0.6,0.5,0.1,0.5,1.7,5.9
2,Quincy Acy\acyqu01,PF,26,TOT,38,1,14.7,1.8,4.5,.412,1.0,2.4,.411,0.9,2.1,.413,.521,1.2,1.6,.750,0.5,2.5,3.0,0.5,0.4,0.4,0.6,1.8,5.8
3,Steven Adams\adamsst01,C,23,OKC,78,78,30.1,4.7,8.2,.568,0.0,0.0,.000,4.7,8.2,.569,.568,2.0,3.3,.611,3.5,4.2,7.7,1.1,1.1,1.0,1.8,2.4,11.4
4,Arron Afflalo\afflaar01,SG,31,SAC,60,44,25.8,3.0,6.8,.433,1.0,2.5,.411,1.9,4.3,.446,.509,1.4,1.5,.890,0.2,1.9,2.1,1.2,0.4,0.1,0.7,1.7,8.3
5,Alexis Ajinca\ajincal01,C,28,NOP,37,13,14.5,2.1,4.3,.500,0.0,0.1,.000,2.1,4.2,.513,.500,0.6,0.9,.727,1.2,3.1,4.4,0.3,0.5,0.6,0.7,1.9,4.9
6,Cole Aldrich\aldrico01,C,28,MIN,61,0,8.5,0.7,1.4,.524,0.0,0.0,"",0.7,1.4,.524,.524,0.2,0.4,.682,0.8,1.7,2.5,0.4,0.4,0.4,0.3,1.4,1.7
7,LaMarcus Aldridge\aldrila01,PF,31,SAS,71,71,32.4,6.9,14.6,.474,0.3,0.8,.418,6.6,13.8,.478,.486,3.1,3.8,.812,2.4,4.9,7.3,2.0,0.6,1.2,1.4,2.2,17.3
8,Lavoy Allen\allenla01,PF,27,IND,61,5,14.3,1.3,2.8,.458,0.0,0.0,.000,1.3,2.7,.461,.458,0.4,0.5,.697,1.7,1.9,3.6,0.9,0.3,0.4,0.5,1.3,2.9
9,Tony Allen\allento01,SG,35,MEM,70,65,27.3,3.9,8.4,.460,0.2,0.8,.278,3.7,7.7,.479,.473,1.1,1.9,.615,2.3,3.2,5.6,1.4,1.6,0.4,1.4,2.5,9.1
10,Al-Farouq Aminu\aminual01,SF,26,POR,61,25,29.1,3.0,7.7,.392,1.1,3.5,.329,1.9,4.2,.445,.467,1.6,2.2,.706,1.3,6.1,7.4,1.6,1.0,0.7,1.5,1.7,8.7
11,Chris Andersen\anderch01,C,38,CLE,12,0,9.5,0.8,1.8,.409,0.0,0.3,.000,0.8,1.6,.474,.409,0.8,1.2,.714,0.8,1.8,2.6,0.4,0.4,0.6,0.4,1.7,2.3
12,Alan Anderson\anderal01,SF,34,LAC,30,0,10.3,1.0,2.7,.375,0.5,1.5,.318,0.5,1.2,.444,.463,0.4,0.5,.750,0.1,0.7,0.8,0.4,0.1,0.0,0.2,1.2,2.9
13,Justin Anderson\anderju01,SF,23,TOT,74,9,16.1,2.4,5.8,.414,0.7,2.6,.289,1.6,3.2,.513,.478,1.3,1.6,.795,0.9,2.4,3.3,0.9,0.5,0.3,0.9,1.4,6.8
14,Kyle Anderson\anderky01,SG,23,SAS,71,14,14.2,1.3,2.8,.446,0.2,0.5,.368,1.1,2.3,.463,.480,0.6,0.8,.786,0.5,2.5,2.9,1.3,0.7,0.4,0.5,0.8,3.4
15,Ryan Anderson\anderry01,PF,28,HOU,71,71,29.4,4.5,10.6,.419,2.8,6.9,.404,1.7,3.7,.447,.551,1.8,2.1,.860,1.6,3.1,4.6,0.9,0.5,0.2,0.8,2.0,13.5
16,Giannis Antetokounmpo\antetgi01,SF,22,MIL,80,80,35.6,8.2,15.7,.522,0.6,2.3,.272,7.6,13.5,.564,.541,5.9,7.7,.770,1.8,7.0,8.7,5.4,1.7,1.9,2.9,3.1,22.9
17,Carmelo Anthony\anthoca01,SF,32,NYK,73,73,34.5,8.2,18.8,.433,2.1,5.7,.360,6.1,13.1,.465,.488,4.1,5.0,.831,0.8,5.1,5.9,2.9,0.8,0.5,2.1,2.7,22.5
18,Joel Anthony\anthojo01,C,34,SAS,19,0,6.4,0.5,0.8,.625,0.0,0.0,"",0.5,0.8,.625,.625,0.3,0.4,.625,0.4,1.2,1.6,0.2,0.1,0.3,0.2,0.6,1.3
19,Trevor Ariza\arizatr01,SF,31,HOU,79,79,34.6,4.0,9.9,.408,2.4,6.9,.344,1.7,3.0,.555,.528,1.2,1.6,.742,0.7,5.1,5.7,2.1,1.8,0.2,0.9,1.7,11.6
20,Darrell Arthur\arthuda01,PF,28,DEN,39,7,15.3,2.3,5.1,.452,1.3,2.7,.462,1.1,2.4,.441,.575,0.3,0.3,.846,0.6,2.1,2.7,1.1,0.4,0.5,0.9,1.9,6.2
21,Omer Asik\asikom01,C,30,NOP,31,19,15.5,1.0,2.1,.477,0.0,0.0,"",1.0,2.1,.477,.477,0.7,1.3,.590,1.5,3.7,5.3,0.5,0.2,0.3,0.5,1.6,2.7
22,D.J. Augustin\augusdj01,PG,29,ORL,77,20,19.8,2.5,6.7,.378,1.2,3.5,.348,1.3,3.2,.412,.470,1.7,2.1,.814,0.2,1.3,1.5,2.7,0.4,0.0,1.2,1.3,8.0
23,Luke Babbitt\babbilu01,SF,27,MIA,68,55,15.7,1.7,4.1,.402,1.3,3.1,.414,0.4,1.0,.366,.557,0.2,0.2,.733,0.2,1.9,2.1,0.5,0.3,0.2,0.4,1.7,4.8
24,Ron Baker\bakerro01,SG,23,NYK,51,12,16.2,1.5,4.1,.374,0.4,1.6,.268,1.1,2.5,.442,.427,0.5,0.8,.659,0.2,1.7,1.9,2.0,0.7,0.2,1.1,1.4,4.1
25,Wade Baldwin\baldwwa01,PG,20,MEM,32,1,12.1,1.0,3.3,.311,0.1,0.7,.143,0.9,2.7,.353,.325,0.9,1.1,.824,0.3,1.0,1.3,1.9,0.5,0.2,1.1,1.2,3.0
26,Leandro Barbosa\barbole01,SG,34,PHO,67,0,14.4,2.6,5.9,.439,0.5,1.5,.357,2.0,4.4,.466,.483,0.6,0.7,.889,0.2,1.3,1.6,1.2,0.5,0.1,0.7,1.2,6.3
27,J.J. Barea\bareajo01,PG,32,DAL,34,5,21.9,4.0,9.7,.416,1.5,4.1,.357,2.6,5.6,.460,.492,1.3,1.5,.863,0.3,2.1,2.4,5.4,0.4,0.0,1.8,0.9,10.8
28,Harrison Barnes\barneha02,PF,24,DAL,79,79,35.5,7.6,16.2,.468,1.0,2.8,.351,6.6,13.4,.492,.498,3.1,3.6,.861,1.2,3.8,5.0,1.5,0.8,0.2,1.3,1.6,19.2
29,Matt Barnes\barnema02,SF,36,TOT,74,18,24.0,2.5,6.4,.391,1.2,3.6,.331,1.3,2.8,.467,.483,0.9,1.2,.787,0.9,4.3,5.2,2.6,0.6,0.4,1.4,2.5,7.1
30,Will Barton\bartowi01,SG,26,DEN,60,19,28.4,4.9,11.1,.442,1.5,3.9,.370,3.5,7.2,.481,.507,2.4,3.2,.753,1.0,3.4,4.3,3.4,0.8,0.5,1.6,1.8,13.7
31,Brandon Bass\bassbr01,PF,31,LAC,51,0,11.1,2.1,3.6,.576,0.0,0.1,.333,2.1,3.5,.580,.579,1.4,1.6,.878,0.8,1.7,2.5,0.4,0.3,0.2,0.6,0.9,5.6
32,Nicolas Batum\batumni01,SG,28,CHO,76,76,34.3,5.2,12.8,.405,1.8,5.3,.334,3.4,7.5,.455,.474,3.2,3.7,.856,0.6,5.7,6.3,5.9,1.1,0.4,2.5,1.4,15.3
33,Jerryd Bayless\bayleje01,PG,28,PHI,3,1,23.7,3.7,10.7,.344,0.7,1.7,.400,3.0,9.0,.333,.375,3.0,3.3,.900,1.0,3.0,4.0,4.3,0.0,0.0,3.0,1.3,11.0
34,Aron Baynes\baynear01,C,30,DET,75,2,15.5,1.9,3.7,.513,0.0,0.0,"",1.9,3.7,.513,.513,1.1,1.3,.840,1.5,3.0,4.4,0.4,0.2,0.5,0.7,2.2,4.9
35,Kent Bazemore\bazemke01,SF,27,ATL,72,64,27.0,4.1,9.9,.408,1.3,3.6,.344,2.8,6.3,.445,.471,1.7,2.3,.708,0.6,2.5,3.2,2.4,1.3,0.7,1.7,2.3,11.0
36,Bradley Beal\bealbr01,SG,23,WAS,77,77,34.9,8.3,17.2,.482,2.9,7.2,.404,5.4,10.0,.538,.566,3.7,4.4,.825,0.7,2.4,3.1,3.5,1.1,0.3,2.0,2.2,23.1
37,Malik Beasley\beaslma01,SG,20,DEN,20,0,4.7,1.0,2.2,.432,0.3,0.9,.353,0.7,1.4,.481,.500,0.3,0.4,.750,0.1,0.4,0.5,0.3,0.2,0.0,0.3,0.3,2.5
38,Michael Beasley\beaslmi01,PF,28,MIL,55,5,16.4,3.8,7.1,.539,0.3,0.7,.450,3.5,6.3,.549,.562,1.4,1.9,.740,0.7,2.7,3.4,0.9,0.5,0.5,1.2,1.6,9.3
39,Marco Belinelli\belinma01,SG,30,CHO,74,0,24.0,3.6,8.3,.429,1.4,3.8,.362,2.2,4.5,.486,.512,2.0,2.3,.893,0.2,2.2,2.4,2.0,0.6,0.1,0.9,1.2,10.5
40,DeAndre' Bembry\bembrde01,SF,22,ATL,37,0,9.2,1.2,2.5,.478,0.0,0.4,.000,1.2,2.1,.579,.478,0.2,0.4,.375,0.3,1.1,1.4,0.7,0.2,0.1,0.4,0.5,2.5
41,Dragan Bender\bendedr01,PF,19,PHO,42,0,13.1,1.3,3.6,.367,0.7,2.2,.298,0.6,1.3,.482,.460,0.1,0.2,.300,0.5,1.8,2.4,0.5,0.2,0.5,0.8,1.6,3.4
42,Anthony Bennett\bennean01,PF,23,BRK,23,1,11.5,1.7,4.0,.413,0.6,2.1,.271,1.1,1.9,.568,.484,1.1,1.6,.722,1.1,2.3,3.4,0.5,0.2,0.1,0.5,0.8,5.0
43,Ben Bentil\bentibe01,PF,21,DAL,3,0,3.3,0.0,1.0,.000,0.0,0.3,.000,0.0,0.7,.000,.000,0.0,0.0,"",0.0,0.7,0.7,0.0,0.0,0.0,0.3,0.3,0.0
44,Davis Bertans\bertada01,PF,24,SAS,66,6,12.1,1.5,3.5,.441,1.0,2.5,.399,0.5,0.9,.557,.587,0.4,0.5,.818,0.3,1.1,1.5,0.7,0.3,0.4,0.5,1.1,4.5
45,Patrick Beverley\beverpa01,SG,28,HOU,66,66,30.7,3.4,8.1,.421,1.6,4.3,.384,1.8,3.8,.462,.522,1.1,1.4,.772,1.4,4.5,5.8,4.2,1.5,0.4,1.5,3.3,9.5
46,Bismack Biyombo\biyombi01,C,24,ORL,80,27,22.3,2.2,4.2,.528,0.0,0.0,"",2.2,4.2,.528,.528,1.6,2.9,.534,1.9,5.1,7.1,0.9,0.3,1.1,1.2,2.5,6.0
47,Nemanja Bjelica\bjeline01,PF,28,MIN,65,1,18.3,2.3,5.5,.424,0.9,2.7,.316,1.5,2.8,.531,.503,0.7,0.9,.738,0.9,2.9,3.8,1.2,0.6,0.3,0.9,2.4,6.2
48,Tarik Black\blackta01,C,25,LAL,65,16,16.2,2.2,4.3,.514,0.0,0.0,.500,2.2,4.3,.514,.516,1.2,1.6,.748,2.2,2.9,5.1,0.6,0.4,0.6,0.9,2.6,5.7
49,Eric Bledsoe\bledser01,PG,27,PHO,66,66,33.0,6.8,15.7,.434,1.6,4.7,.335,5.2,11.0,.477,.485,5.9,6.9,.847,0.8,4.1,4.8,6.3,1.4,0.5,3.4,2.5,21.1
50,Bojan Bogdanovic\bogdabo02,SF,27,TOT,80,54,25.8,4.7,10.5,.446,1.8,4.9,.367,2.9,5.6,.515,.531,2.7,3.0,.893,0.5,3.0,3.5,1.4,0.4,0.1,1.6,1.8,13.8
51,Andrew Bogut\bogutan01,C,32,TOT,27,21,21.6,1.4,3.0,.469,0.0,0.0,.000,1.4,3.0,.475,.469,0.1,0.4,.273,2.1,6.0,8.1,1.8,0.5,0.9,1.6,3.2,2.9
52,Joel Bolomboy\bolomjo01,PF,23,UTA,12,0,4.4,0.8,1.3,.563,0.1,0.3,.250,0.7,1.0,.667,.594,0.3,0.5,.500,0.3,1.1,1.4,0.2,0.1,0.2,0.2,0.1,1.8
53,Devin Booker\bookede01,SG,20,PHO,78,78,35.0,7.8,18.3,.423,1.9,5.2,.363,5.9,13.2,.447,.475,4.7,5.7,.832,0.6,2.6,3.2,3.4,0.9,0.3,3.1,3.1,22.1
54,Trevor Booker\booketr01,PF,29,BRK,71,43,24.7,4.3,8.3,.516,0.4,1.1,.321,3.9,7.2,.546,.537,1.0,1.5,.673,2.0,6.0,8.0,1.9,1.1,0.4,1.8,2.1,10.0
55,Avery Bradley\bradlav01,SG,26,BOS,54,54,33.4,6.6,14.2,.463,2.0,5.1,.394,4.6,9.1,.502,.534,1.3,1.7,.731,1.2,4.9,6.1,2.2,1.2,0.2,1.6,2.6,16.4
56,Corey Brewer\breweco01,SF,30,TOT,80,11,15.5,1.8,4.2,.419,0.3,1.5,.229,1.4,2.7,.523,.460,0.6,0.8,.742,0.4,1.6,2.0,1.1,0.7,0.2,0.7,1.6,4.5
57,Malcolm Brogdon\brogdma01,SG,24,MIL,74,27,26.5,3.9,8.4,.456,1.0,2.6,.403,2.8,5.9,.479,.518,1.5,1.7,.865,0.6,2.2,2.8,4.3,1.1,0.1,1.5,1.9,10.2
58,Aaron Brooks\brookaa01,PG,32,IND,64,0,13.7,1.9,4.6,.401,0.7,2.0,.373,1.1,2.7,.421,.480,0.5,0.6,.800,0.3,0.8,1.1,2.0,0.4,0.1,1.0,1.4,5.0
59,Anthony Brown\brownan02,SF,24,TOT,11,0,14.5,1.6,4.5,.360,0.6,2.5,.259,1.0,2.1,.478,.430,0.0,0.0,"",0.7,2.3,3.0,0.7,0.5,0.1,0.5,1.4,3.9
60,Bobby Brown\brownbo02,PG,32,HOU,24,0,5.1,1.0,2.5,.383,0.6,1.5,.400,0.4,1.0,.360,.500,0.1,0.1,1.000,0.0,0.3,0.3,0.6,0.0,0.0,0.2,0.2,2.6
61,Jaylen Brown\brownja02,SF,20,BOS,77,20,17.1,2.4,5.4,.453,0.6,1.7,.346,1.8,3.6,.504,.508,1.1,1.6,.691,0.6,2.2,2.8,0.8,0.4,0.2,0.9,1.8,6.6
62,Nicolas Brussino\brussni01,SF,23,DAL,52,1,8.8,0.9,2.5,.359,0.5,1.6,.289,0.4,0.9,.489,.453,0.3,0.4,.737,0.5,1.2,1.6,0.8,0.3,0.2,0.4,0.8,2.5
63,Reggie Bullock\bullore01,SF,25,DET,30,5,14.6,1.6,4.0,.403,0.8,2.2,.343,0.8,1.7,.481,.500,0.2,0.2,.714,0.4,1.6,2.1,0.9,0.5,0.1,0.3,0.7,4.1
64,Trey Burke\burketr01,PG,24,WAS,56,0,12.0,1.9,4.3,.440,0.5,1.1,.413,1.4,3.2,.449,.494,0.4,0.5,.741,0.1,0.7,0.8,1.7,0.2,0.1,0.8,1.0,4.6
65,Alec Burks\burksal01,SG,25,UTA,41,0,15.8,2.4,6.0,.397,0.6,1.8,.320,1.8,4.2,.430,.445,1.5,1.9,.769,0.4,2.5,2.9,0.7,0.4,0.1,0.9,1.2,6.8
66,Jimmy Butler\butleji01,SF,27,CHI,75,74,37.0,7.5,16.4,.456,1.2,3.3,.367,6.3,13.2,.478,.492,7.7,8.9,.865,1.7,4.5,6.2,5.5,1.9,0.4,2.1,1.5,23.9
67,Bruno Caboclo\cabocbr01,SF,21,TOR,8,0,2.9,0.1,0.6,.200,0.1,0.4,.333,0.0,0.3,.000,.300,0.0,0.0,"",0.4,0.4,0.8,0.4,0.3,0.0,0.3,0.4,0.4
68,Jose Calderon\caldejo01,PG,35,TOT,39,12,12.6,1.2,3.1,.385,0.4,1.5,.293,0.8,1.6,.469,.455,0.3,0.3,.917,0.4,1.4,1.8,2.1,0.3,0.0,0.9,0.8,3.1
69,Kentavious Caldwell-Pope\caldwke01,SG,23,DET,75,74,33.3,4.9,12.1,.400,2.0,5.7,.351,2.9,6.4,.443,.482,2.0,2.4,.832,0.7,2.5,3.3,2.6,1.2,0.2,1.1,1.5,13.7
70,Isaiah Canaan\canaais01,SG,25,CHI,39,0,15.2,1.6,4.4,.364,0.6,2.4,.266,1.0,2.0,.481,.436,0.8,0.8,.909,0.2,1.1,1.3,0.9,0.6,0.0,0.5,0.9,4.6
71,Clint Capela\capelca01,C,22,HOU,64,58,23.8,5.5,8.6,.637,0.0,0.0,"",5.5,8.6,.637,.637,1.5,2.7,.540,2.7,5.4,8.1,1.0,0.5,1.2,1.3,2.8,12.4
72,DeMarre Carroll\carrode01,SF,30,TOR,71,71,26.3,3.1,7.7,.403,1.5,4.5,.344,1.5,3.2,.485,.503,1.3,1.6,.761,0.9,2.9,3.8,1.0,1.1,0.4,0.7,2.0,9.0
73,Vince Carter\cartevi01,SG,40,MEM,72,14,24.7,2.7,6.8,.395,1.5,4.1,.380,1.1,2.7,.418,.509,1.2,1.6,.761,0.5,2.6,3.1,1.8,0.8,0.5,0.7,2.2,8.1
74,Michael Carter-Williams\cartemi01,PG,25,CHI,44,19,19.1,2.5,7.0,.366,0.3,1.5,.234,2.2,5.5,.401,.391,1.3,1.8,.753,0.5,2.9,3.5,2.5,0.8,0.5,1.5,2.3,6.8
75,Omri Casspi\casspom01,SF,28,TOT,34,2,17.9,2.1,4.6,.459,0.4,1.2,.333,1.7,3.4,.504,.503,0.5,0.8,.630,0.7,2.4,3.1,1.0,0.6,0.1,0.8,1.4,5.1
76,Willie Cauley-Stein\caulewi01,C,23,SAC,73,19,18.7,3.3,6.2,.532,0.0,0.0,.000,3.3,6.2,.535,.532,1.4,2.0,.669,1.1,3.3,4.4,1.0,0.7,0.6,0.9,2.0,7.9
77,Tyson Chandler\chandty01,C,34,PHO,47,46,27.6,3.3,4.9,.671,0.0,0.0,"",3.3,4.9,.671,.671,1.9,2.6,.734,3.3,8.2,11.5,0.6,0.7,0.5,1.4,2.7,8.4
78,Wilson Chandler\chandwi01,SF,29,DEN,70,32,31.2,6.1,13.3,.460,1.6,4.6,.336,4.6,8.7,.526,.519,2.0,2.7,.732,1.5,5.0,6.5,2.0,0.7,0.4,1.6,2.5,15.8
79,Marquese Chriss\chrisma01,PF,19,PHO,81,74,21.0,3.4,7.6,.450,0.9,2.7,.321,2.5,4.9,.522,.507,1.3,2.1,.630,1.2,3.0,4.2,0.7,0.8,0.8,1.3,3.2,9.0
80,Rakeem Christmas\chrisra01,PF,25,IND,29,0,7.6,0.7,1.5,.442,0.0,0.0,"",0.7,1.5,.442,.442,0.7,1.0,.750,0.9,1.0,1.9,0.1,0.1,0.2,0.3,1.3,2.0
81,Semaj Christon\chrisse01,PG,24,OKC,62,0,14.9,1.2,3.5,.346,0.2,1.0,.183,1.0,2.5,.409,.371,0.3,0.5,.548,0.3,1.1,1.4,2.0,0.4,0.1,0.7,1.2,2.8
82,Ian Clark\clarkia01,SG,25,GSW,76,0,14.7,2.8,5.6,.492,0.8,2.1,.384,1.9,3.5,.556,.564,0.6,0.8,.759,0.3,1.3,1.6,1.1,0.5,0.1,0.7,1.0,6.9
83,Jordan Clarkson\clarkjo01,SG,24,LAL,80,17,29.2,5.8,13.1,.443,1.4,4.3,.328,4.4,8.8,.500,.497,1.7,2.0,.810,0.6,2.4,3.0,2.6,1.1,0.1,2.0,1.8,14.7
84,Norris Cole\coleno01,PG,28,OKC,11,0,7.9,0.9,2.9,.313,0.2,0.7,.250,0.7,2.2,.333,.344,0.4,0.4,1.000,0.0,0.6,0.6,1.0,0.4,0.0,0.6,1.2,2.4
85,Darren Collison\collida01,PG,29,SAC,68,64,30.3,5.0,10.5,.476,1.1,2.6,.417,3.9,7.9,.495,.527,2.2,2.5,.860,0.3,1.9,2.3,4.6,1.0,0.1,1.7,1.8,13.2
86,Nick Collison\collini01,PF,36,OKC,18,0,6.2,0.5,0.9,.563,0.0,0.0,"",0.5,0.9,.563,.563,0.3,0.4,.625,0.4,1.0,1.4,0.6,0.1,0.1,0.2,0.8,1.3
87,Mike Conley\conlemi01,PG,29,MEM,68,67,33.5,6.8,14.7,.459,2.5,6.1,.407,4.3,8.6,.495,.543,4.6,5.4,.860,0.5,3.1,3.5,6.3,1.3,0.3,2.3,1.9,20.6
88,Pat Connaughton\connapa01,SG,24,POR,38,1,7.4,0.8,1.6,.508,0.3,0.6,.522,0.5,0.9,.500,.610,0.2,0.2,.778,0.3,0.9,1.2,0.6,0.2,0.1,0.4,0.5,2.1
89,Quinn Cook\cookqu01,PG,23,TOT,12,0,11.8,2.3,4.3,.538,0.8,1.8,.409,1.6,2.5,.633,.625,0.0,0.3,.000,0.0,0.5,0.5,1.8,0.2,0.0,0.8,0.8,5.4
90,DeMarcus Cousins\couside01,C,26,TOT,72,72,34.2,9.0,19.9,.452,1.8,5.1,.360,7.2,14.8,.483,.497,7.2,9.3,.772,2.1,9.0,11.1,4.6,1.4,1.3,3.7,3.9,27.0
91,Robert Covington\covinro01,SF,26,PHI,67,67,31.6,4.4,10.9,.399,2.0,6.1,.333,2.3,4.8,.484,.492,2.1,2.6,.822,1.4,5.1,6.5,1.5,1.9,1.0,2.0,3.0,12.9
92,Allen Crabbe\crabbal01,SG,24,POR,79,7,28.5,3.8,8.2,.468,1.7,3.8,.444,2.1,4.4,.490,.572,1.3,1.6,.847,0.2,2.6,2.8,1.2,0.7,0.3,0.8,2.2,10.7
93,Jamal Crawford\crawfja01,SG,36,LAC,81,1,26.3,4.4,10.6,.412,1.4,4.0,.359,3.0,6.7,.443,.479,2.1,2.5,.854,0.2,1.4,1.6,2.6,0.7,0.2,1.7,1.4,12.3
94,Jordan Crawford\crawfjo02,SG,28,NOP,17,0,23.4,5.5,11.4,.487,1.9,5.1,.384,3.6,6.3,.570,.573,1.2,1.5,.769,0.2,1.5,1.8,2.7,0.5,0.1,1.2,1.7,14.2
95,Jae Crowder\crowdja01,SF,26,BOS,71,71,32.5,4.6,10.0,.462,2.2,5.5,.398,2.4,4.5,.539,.571,2.5,3.0,.814,0.7,5.1,5.8,2.2,1.0,0.3,1.1,2.3,13.8
96,Dante Cunningham\cunnida01,SF,29,NOP,64,33,25.1,2.6,5.4,.477,1.0,2.7,.385,1.5,2.7,.569,.573,0.3,0.4,.593,0.9,3.3,4.2,0.5,0.6,0.4,0.4,1.5,6.5
97,Seth Curry\curryse01,PG,26,DAL,70,42,29.0,4.8,10.0,.481,2.0,4.6,.425,2.9,5.4,.528,.578,1.2,1.4,.850,0.4,2.2,2.5,2.7,1.1,0.1,1.3,1.8,12.8
98,Stephen Curry\curryst01,PG,28,GSW,78,78,33.5,8.6,18.3,.469,4.1,9.9,.412,4.5,8.3,.538,.581,4.1,4.6,.899,0.8,3.7,4.5,6.6,1.8,0.2,3.0,2.3,25.4
99,Troy Daniels\danietr01,SG,25,MEM,66,3,17.6,2.8,7.4,.378,2.1,5.3,.389,0.7,2.0,.348,.518,0.7,0.8,.796,0.3,1.2,1.5,0.7,0.3,0.0,0.6,1.3,8.3
100,Anthony Davis\davisan02,C,23,NOP,75,75,36.1,10.3,20.3,.505,0.5,1.8,.299,9.7,18.6,.524,.518,6.9,8.6,.802,2.3,9.5,11.8,2.1,1.3,2.2,2.4,2.2,28.0
101,Deyonta Davis\davisde01,C,20,MEM,35,0,6.5,0.7,1.3,.522,0.0,0.0,"",0.7,1.3,.522,.522,0.3,0.5,.556,0.5,1.1,1.6,0.1,0.1,0.5,0.2,1.1,1.7
102,Ed Davis\davised01,PF,27,POR,46,12,17.2,1.6,3.1,.528,0.0,0.0,"",1.6,3.1,.528,.528,1.1,1.8,.617,2.1,3.2,5.3,0.6,0.3,0.5,0.8,3.0,4.3
103,Dewayne Dedmon\dedmode01,C,27,SAS,75,36,17.5,2.1,3.4,.627,0.0,0.0,"",2.1,3.4,.627,.627,0.9,1.2,.714,1.7,4.9,6.5,0.6,0.5,0.8,0.8,2.4,5.1
104,Sam Dekker\dekkesa01,SF,22,HOU,77,2,18.4,2.6,5.6,.473,0.8,2.4,.321,1.9,3.1,.591,.543,0.5,0.9,.559,1.2,2.5,3.7,1.0,0.5,0.3,0.5,1.1,6.5
105,Malcolm Delaney\delanma01,PG,27,ATL,71,2,17.1,2.0,5.3,.374,0.4,1.5,.238,1.6,3.8,.426,.407,1.0,1.2,.795,0.2,1.5,1.7,2.6,0.5,0.0,1.3,1.5,5.3
106,Matthew Dellavedova\dellama01,PG,26,MIL,76,54,26.1,2.7,7.0,.390,1.0,2.9,.364,1.7,4.2,.407,.463,1.1,1.3,.854,0.3,1.6,1.9,4.7,0.7,0.0,1.8,2.0,7.6
107,Luol Deng\denglu01,SF,31,LAL,56,49,26.5,2.9,7.6,.387,0.9,2.9,.311,2.0,4.6,.435,.447,0.8,1.1,.730,1.1,4.1,5.3,1.3,0.9,0.4,0.8,1.1,7.6
108,DeMar DeRozan\derozde01,SG,27,TOR,74,74,35.4,9.7,20.9,.467,0.4,1.7,.266,9.3,19.2,.484,.477,7.4,8.7,.842,0.9,4.3,5.2,3.9,1.0,0.2,2.4,1.8,27.3
109,Cheick Diallo\diallch01,PF,20,NOP,15,0,9.5,1.5,3.8,.404,0.0,0.0,"",1.5,3.8,.404,.404,0.7,0.9,.714,1.1,2.0,3.1,0.3,0.2,0.3,0.3,0.7,3.7
110,Boris Diaw\diawbo01,PF,34,UTA,72,32,17.6,2.0,4.5,.446,0.3,1.1,.250,1.7,3.4,.510,.477,0.4,0.5,.743,0.6,1.5,2.2,2.3,0.2,0.1,1.2,1.1,4.6
111,Gorgui Dieng\dienggo01,PF,27,MIN,80,80,32.3,4.0,8.0,.498,0.2,0.5,.381,3.8,7.5,.507,.511,1.7,2.1,.813,2.3,5.6,7.9,1.9,1.1,1.2,1.3,3.1,9.9
112,Spencer Dinwiddie\dinwisp01,PG,23,BRK,58,17,22.5,2.3,5.1,.448,0.6,1.7,.385,1.7,3.5,.478,.510,2.1,2.7,.790,0.4,2.3,2.7,3.2,0.7,0.4,1.1,2.0,7.4
113,Toney Douglas\douglto01,PG,30,MEM,24,0,16.4,1.8,4.9,.368,0.3,1.8,.167,1.5,3.1,.480,.397,1.0,1.2,.828,0.5,2.0,2.5,2.3,0.8,0.2,0.9,2.1,4.9
114,Goran Dragic\dragigo01,PG,30,MIA,72,72,33.6,7.3,15.3,.475,1.6,3.9,.405,5.7,11.4,.499,.527,4.1,5.2,.788,0.8,3.0,3.8,5.8,1.2,0.2,2.8,2.7,20.2
115,Andre Drummond\drumman01,C,23,DET,80,80,29.8,6.0,11.3,.531,0.0,0.1,.286,6.0,11.2,.533,.532,1.7,4.4,.386,4.3,9.5,13.8,1.1,1.6,1.1,1.9,2.9,13.7
116,Jared Dudley\dudleja01,PF,31,PHO,64,7,21.3,2.5,5.4,.454,1.2,3.2,.379,1.3,2.2,.559,.565,0.7,1.0,.662,0.5,3.0,3.5,1.9,0.7,0.3,1.1,2.4,6.8
117,Mike Dunleavy\dunlemi02,SF,36,TOT,51,2,15.8,1.8,4.1,.431,1.0,2.5,.405,0.8,1.6,.470,.553,0.6,0.8,.786,0.3,1.8,2.1,0.9,0.3,0.1,0.5,1.3,5.2
118,Kris Dunn\dunnkr01,PG,22,MIN,76,6,16.9,1.5,3.9,.377,0.3,0.9,.296,1.2,3.0,.403,.412,0.5,0.8,.610,0.3,1.8,2.2,2.3,1.0,0.4,1.1,2.3,3.7
119,Kevin Durant\duranke01,SF,28,GSW,61,61,33.5,8.9,16.6,.535,1.8,5.0,.367,7.0,11.6,.607,.590,5.5,6.2,.879,0.6,7.6,8.3,4.9,1.1,1.6,2.2,1.9,25.0
120,Jarell Eddie\eddieja01,SF,25,PHO,5,0,12.4,1.2,3.8,.316,0.8,3.2,.250,0.4,0.6,.667,.421,1.6,1.8,.889,0.2,1.2,1.4,0.0,0.2,0.0,0.2,0.2,4.8
121,Henry Ellenson\ellenhe01,PF,20,DET,18,2,7.1,1.0,3.0,.333,0.5,1.7,.290,0.5,1.3,.391,.417,0.2,0.2,1.000,0.3,1.6,1.9,0.3,0.0,0.1,0.6,0.3,2.7
122,Wayne Ellington\ellinwa01,SG,29,MIA,61,13,24.1,3.7,8.9,.418,2.4,6.3,.379,1.3,2.6,.513,.552,0.6,0.7,.860,0.3,1.8,2.1,1.1,0.6,0.1,0.5,1.1,10.5
123,Monta Ellis\ellismo01,SG,31,IND,73,32,27.0,3.4,7.6,.447,0.6,1.8,.321,2.8,5.7,.487,.486,1.3,1.8,.727,0.3,2.5,2.8,3.2,1.0,0.4,1.8,2.0,8.6
124,Joel Embiid\embiijo01,C,22,PHI,31,31,25.4,6.5,13.8,.466,1.2,3.2,.367,5.3,10.7,.495,.508,6.2,7.9,.783,2.0,5.9,7.8,2.1,0.9,2.5,3.8,3.6,20.2
125,James Ennis\ennisja01,SF,26,MEM,64,28,23.5,2.3,5.0,.455,0.8,2.1,.372,1.5,2.9,.516,.534,1.3,1.7,.782,1.1,3.0,4.0,1.0,0.7,0.3,0.9,2.6,6.7
126,Tyler Ennis\ennisty01,PG,22,TOT,51,1,10.2,1.6,3.7,.435,0.5,1.2,.410,1.1,2.5,.446,.500,0.4,0.4,.857,0.2,0.7,0.9,1.5,0.5,0.0,0.7,1.0,4.1
127,Tyreke Evans\evansty01,SG,27,TOT,40,6,19.7,3.8,9.3,.405,1.1,3.0,.356,2.7,6.3,.429,.462,1.7,2.3,.750,0.3,3.1,3.4,3.1,0.9,0.2,1.5,1.5,10.3
128,Dante Exum\exumda01,PG,21,UTA,65,26,18.6,2.4,5.6,.425,0.7,2.3,.297,1.7,3.3,.514,.486,0.9,1.1,.795,0.5,1.6,2.0,1.7,0.3,0.2,1.2,2.2,6.3
129,Kenneth Faried\farieke01,PF,27,DEN,61,34,21.2,3.7,6.8,.549,0.0,0.1,.000,3.7,6.7,.557,.549,2.1,3.1,.693,3.0,4.6,7.5,0.9,0.7,0.7,1.0,2.0,9.6
130,Jordan Farmar\farmajo01,PG,30,SAC,2,0,17.5,2.0,6.0,.333,2.0,4.5,.444,0.0,1.5,.000,.500,0.0,0.0,"",0.5,1.0,1.5,4.5,1.0,0.0,1.5,0.5,6.0
131,Derrick Favors\favorde01,PF,25,UTA,49,39,23.8,4.1,8.3,.487,0.1,0.2,.300,4.0,8.1,.491,.490,1.4,2.2,.615,1.9,4.2,6.1,1.1,0.9,0.8,1.1,2.1,9.6
132,Kay Felder\feldeka01,PG,21,CLE,42,0,9.2,1.5,3.8,.392,0.2,0.5,.318,1.3,3.2,.404,.415,0.8,1.2,.714,0.1,0.9,1.0,1.4,0.4,0.2,0.7,0.9,4.0
133,Cristiano Felicio\feliccr01,C,24,CHI,65,0,15.7,2.0,3.4,.580,0.0,0.0,"",2.0,3.4,.580,.580,0.9,1.4,.645,1.9,2.8,4.7,0.6,0.4,0.2,0.5,1.7,4.8
134,Raymond Felton\feltora01,PG,32,LAC,79,11,21.3,2.8,6.4,.430,0.6,1.8,.319,2.2,4.6,.474,.475,0.6,0.8,.781,0.4,2.3,2.7,2.4,0.8,0.3,1.1,1.6,6.8
135,Yogi Ferrell\ferreyo01,PG,23,TOT,44,27,25.8,3.5,8.5,.413,1.5,3.8,.393,2.0,4.7,.429,.501,1.6,1.9,.835,0.5,1.9,2.4,3.7,0.9,0.2,1.5,2.0,10.1
136,Dorian Finney-Smith\finnedo01,PF,23,DAL,79,33,20.0,1.5,4.0,.375,0.7,2.3,.297,0.8,1.7,.481,.461,0.6,0.8,.754,0.7,2.0,2.7,0.8,0.6,0.3,0.5,1.5,4.3
137,Bryn Forbes\forbebr01,SG,23,SAS,36,0,7.9,1.0,2.8,.364,0.5,1.5,.321,0.5,1.3,.413,.449,0.1,0.2,.833,0.1,0.6,0.6,0.7,0.0,0.0,0.3,0.6,2.6
138,Evan Fournier\fournev01,SG,24,ORL,67,65,32.9,6.0,13.7,.440,1.9,5.3,.354,4.1,8.4,.494,.508,3.3,4.1,.804,0.7,2.4,3.1,3.0,1.0,0.1,2.1,2.7,17.2
139,Randy Foye\foyera01,SG,33,BRK,68,39,18.6,1.7,4.6,.371,1.0,2.9,.340,0.7,1.7,.424,.478,0.8,0.9,.857,0.1,2.1,2.3,2.0,0.5,0.1,1.2,1.4,5.2
140,Tim Frazier\fraziti01,PG,26,NOP,63,33,23.5,2.6,6.2,.414,0.6,1.9,.311,2.0,4.2,.461,.463,1.5,1.9,.760,0.5,2.2,2.7,5.1,0.9,0.1,1.6,2.0,7.2
141,Channing Frye\fryech01,C,33,CLE,73,14,19.1,3.2,7.1,.457,1.9,4.6,.408,1.4,2.5,.546,.589,0.9,1.0,.851,0.5,3.5,4.0,0.6,0.5,0.5,0.7,1.9,9.2
142,Danilo Gallinari\gallida01,SF,28,DEN,63,63,33.9,5.3,11.9,.447,2.0,5.2,.388,3.3,6.7,.492,.531,5.5,6.1,.902,0.6,4.5,5.1,2.2,0.7,0.2,1.3,1.5,18.2
143,Langston Galloway\gallola01,PG,25,TOT,72,1,19.8,2.8,7.3,.381,1.6,4.2,.388,1.2,3.1,.372,.493,0.7,0.8,.783,0.4,1.7,2.1,1.2,0.6,0.1,0.6,1.3,7.9
144,Patricio Garino\garinpa01,SG,23,ORL,4,0,8.0,0.0,1.5,.000,0.0,1.0,.000,0.0,0.5,.000,.000,0.0,0.0,"",0.3,1.5,1.8,0.0,0.0,0.0,0.3,0.5,0.0
145,Marc Gasol\gasolma01,C,32,MEM,73,73,34.3,7.2,15.7,.459,1.4,3.6,.387,5.8,12.1,.481,.504,3.8,4.5,.836,0.8,5.4,6.2,4.6,0.9,1.4,2.2,2.3,19.6
146,Pau Gasol\gasolpa01,C,36,SAS,63,39,25.5,4.7,9.4,.503,0.9,1.6,.539,3.8,7.8,.495,.549,2.1,2.9,.707,1.7,6.2,7.8,2.4,0.4,1.1,1.3,1.7,12.4
147,Rudy Gay\gayru01,SF,30,SAC,30,30,33.8,6.7,14.7,.455,1.4,3.8,.372,5.3,11.0,.483,.502,3.9,4.6,.855,1.2,5.2,6.3,2.7,1.5,0.9,2.5,2.6,18.7
148,Michael Gbinije\gbinimi01,SG,24,DET,9,0,3.6,0.1,1.1,.100,0.0,0.4,.000,0.1,0.7,.167,.100,0.2,0.2,1.000,0.2,0.1,0.3,0.2,0.0,0.0,0.0,0.2,0.4
149,Alonzo Gee\geeal01,SF,29,DEN,13,0,6.8,0.2,1.1,.214,0.0,0.2,.000,0.2,0.8,.273,.214,0.4,0.7,.556,0.3,0.8,1.1,0.5,0.4,0.1,0.3,1.1,0.8
150,Paul George\georgpa01,SF,26,IND,74,74,35.8,8.2,17.9,.460,2.6,6.6,.392,5.7,11.4,.499,.531,4.5,5.0,.898,0.8,5.7,6.5,3.4,1.6,0.4,2.9,2.7,23.6
151,Marcus Georges-Hunt\georgma01,SG,22,ORL,4,0,9.5,0.5,1.8,.286,0.3,0.5,.500,0.3,1.3,.200,.357,1.3,1.5,.833,0.3,2.0,2.3,0.5,0.3,0.0,0.3,1.3,2.5
152,Jonathan Gibson\gibsojo01,PG,29,DAL,17,0,13.6,2.1,5.6,.368,0.9,2.6,.333,1.2,2.9,.400,.447,1.2,1.7,.724,0.1,1.2,1.3,1.5,0.5,0.0,1.2,1.2,6.2
153,Taj Gibson\gibsota01,PF,31,TOT,77,70,25.5,4.7,9.1,.517,0.0,0.2,.231,4.6,8.9,.523,.519,1.4,2.0,.711,2.0,4.2,6.2,0.9,0.5,0.8,1.4,2.1,10.8
154,Manu Ginobili\ginobma01,SG,39,SAS,68,0,18.7,2.5,6.4,.390,1.3,3.3,.393,1.2,3.1,.387,.491,1.2,1.5,.800,0.4,1.9,2.3,2.7,1.2,0.2,1.4,1.7,7.5
155,Rudy Gobert\goberru01,C,24,UTA,80,80,33.9,5.1,7.7,.664,0.0,0.0,.000,5.1,7.7,.666,.664,3.9,5.9,.654,3.9,8.9,12.8,1.2,0.6,2.7,1.8,3.1,14.1
156,Archie Goodwin\goodwar01,SG,22,TOT,14,0,13.2,2.1,3.9,.527,0.4,0.9,.385,1.7,3.0,.571,.573,1.9,2.3,.844,0.2,1.3,1.5,1.4,0.2,0.3,0.6,0.4,6.4
157,Aaron Gordon\gordoaa01,SF,21,ORL,79,71,28.6,4.8,10.7,.452,0.9,3.3,.285,3.9,7.4,.526,.496,1.9,2.7,.710,1.4,3.5,5.0,1.9,0.8,0.5,1.1,2.2,12.5
158,Eric Gordon\gordoer01,SG,28,HOU,74,15,31.0,5.5,13.6,.407,3.3,8.8,.373,2.2,4.8,.469,.528,2.0,2.4,.840,0.4,2.3,2.7,2.5,0.6,0.5,1.6,2.0,16.3
159,Marcin Gortat\gortama01,C,32,WAS,81,81,31.2,4.7,8.2,.575,0.0,0.0,.000,4.7,8.2,.577,.575,1.3,2.0,.652,2.9,7.5,10.4,1.5,0.5,0.8,1.4,2.6,10.7
160,Treveon Graham\grahatr01,SG,23,CHO,26,1,6.3,0.5,1.2,.467,0.3,0.5,.692,0.2,0.7,.294,.617,0.4,0.6,.667,0.2,0.5,0.7,0.2,0.2,0.0,0.1,0.7,1.8
161,Jerami Grant\grantje01,SF,22,TOT,78,4,19.1,1.9,4.1,.457,0.5,1.4,.363,1.3,2.6,.510,.522,1.1,1.8,.608,0.5,2.0,2.5,0.6,0.4,1.0,0.6,1.8,5.4
162,Jerian Grant\grantje02,PG,24,CHI,62,28,16.2,2.0,4.7,.429,0.8,2.1,.369,1.3,2.6,.476,.510,1.0,1.2,.890,0.3,1.4,1.7,1.9,0.7,0.1,0.7,1.5,5.9
163,Danny Green\greenda02,SG,29,SAS,67,67,26.7,2.6,6.6,.395,1.8,4.6,.382,0.9,2.0,.425,.528,0.4,0.5,.844,0.4,2.9,3.3,1.8,1.0,0.9,1.1,1.8,7.4
164,Draymond Green\greendr01,PF,26,GSW,76,76,32.5,3.6,8.6,.418,1.1,3.5,.308,2.5,5.1,.492,.480,2.0,2.8,.709,1.3,6.6,7.9,7.0,2.0,1.4,2.4,2.9,10.2
165,Gerald Green\greenge01,SG,31,BOS,46,0,11.2,1.9,4.7,.410,0.8,2.2,.359,1.1,2.5,.456,.495,0.6,0.8,.784,0.3,1.4,1.7,0.7,0.2,0.2,0.5,1.0,5.3
166,JaMychal Green\greenja01,PF,26,MEM,76,74,27.4,3.3,6.5,.501,0.7,1.9,.383,2.6,4.7,.548,.555,1.8,2.2,.802,2.2,4.9,7.1,1.1,0.6,0.4,1.2,3.2,9.0
167,Jeff Green\greenje02,SF,30,ORL,69,11,22.2,3.2,8.1,.394,0.8,2.8,.275,2.4,5.3,.458,.442,2.1,2.4,.863,0.6,2.5,3.1,1.2,0.5,0.2,1.1,1.5,9.2
168,Blake Griffin\griffbl01,PF,27,LAC,60,60,34.1,7.9,16.0,.494,0.6,1.8,.345,7.3,14.1,.514,.514,5.3,7.0,.758,1.8,6.3,8.1,4.9,1.0,0.4,2.4,2.6,21.7
169,Justin Hamilton\hamilju01,C,26,BRK,63,6,18.2,2.7,5.8,.462,0.9,2.8,.311,1.8,3.0,.602,.537,0.6,0.8,.750,1.1,2.9,4.0,0.8,0.4,0.7,0.7,1.4,6.9
170,A.J. Hammons\hammoaj01,C,24,DAL,20,0,7.2,0.7,1.9,.378,0.3,0.5,.500,0.5,1.4,.333,.446,0.3,0.7,.357,0.4,1.3,1.7,0.2,0.1,0.6,0.4,1.0,1.9
171,Tim Hardaway\hardati02,SG,24,ATL,78,29,27.3,5.3,11.6,.455,1.9,5.3,.358,3.4,6.3,.537,.537,2.1,2.7,.764,0.4,2.4,2.8,2.3,0.7,0.2,1.3,1.3,14.5
172,James Harden\hardeja01,PG,27,HOU,80,80,36.4,8.3,19.0,.438,3.2,9.3,.345,5.1,9.7,.528,.523,9.3,10.9,.848,1.2,6.9,8.1,11.2,1.5,0.5,5.8,2.7,29.1
173,Maurice Harkless\harklma01,SF,23,POR,76,69,29.0,4.1,8.1,.500,0.9,2.6,.351,3.2,5.6,.568,.555,1.0,1.6,.639,1.6,2.8,4.5,1.1,1.1,0.9,1.1,2.8,10.0
174,Justin Harper\harpeju01,PF,27,PHI,3,0,10.3,1.7,4.0,.417,0.7,2.3,.286,1.0,1.7,.600,.500,0.0,0.0,"",0.7,1.0,1.7,0.7,0.0,0.0,1.3,0.7,4.0
175,Montrezl Harrell\harremo01,PF,23,HOU,58,14,18.3,3.9,5.9,.652,0.0,0.1,.143,3.9,5.8,.663,.654,1.3,2.1,.628,1.4,2.4,3.8,1.1,0.3,0.7,0.8,2.2,9.1
176,Devin Harris\harride01,PG,33,DAL,63,0,16.6,2.0,5.1,.398,0.9,2.6,.339,1.1,2.4,.461,.486,1.6,1.9,.828,0.2,1.8,2.0,2.0,0.7,0.1,0.9,1.6,6.5
177,Gary Harris\harriga01,SG,22,DEN,56,55,31.2,5.6,11.2,.502,1.8,4.4,.415,3.8,6.8,.558,.584,1.8,2.3,.781,0.8,2.2,3.1,2.8,1.3,0.1,1.3,1.6,14.8
178,Joe Harris\harrijo01,SG,25,BRK,52,11,21.9,3.0,7.0,.425,1.6,4.3,.385,1.3,2.7,.489,.543,0.7,0.9,.714,0.3,2.5,2.8,1.0,0.6,0.2,1.1,2.3,8.2
179,Manny Harris\harrima01,SG,27,DAL,4,0,6.3,0.8,3.8,.200,0.0,0.5,.000,0.8,3.3,.231,.200,0.5,1.0,.500,0.8,1.5,2.3,0.5,0.0,0.0,0.5,0.3,2.0
180,Tobias Harris\harrito02,PF,24,DET,81,48,31.3,6.3,13.0,.483,1.3,3.8,.348,4.9,9.2,.539,.534,2.3,2.7,.856,0.7,4.3,5.1,1.7,0.7,0.5,1.2,1.6,16.2
181,Aaron Harrison\harriaa01,SG,22,CHO,5,0,3.4,0.0,0.8,.000,0.0,0.4,.000,0.0,0.4,.000,.000,0.2,0.4,.500,0.0,0.6,0.6,0.6,0.0,0.0,0.0,0.4,0.2
182,Andrew Harrison\harrian01,SG,22,MEM,71,18,20.4,1.6,5.0,.325,0.6,2.2,.281,1.0,2.8,.358,.386,2.0,2.6,.766,0.3,1.5,1.9,2.8,0.7,0.2,1.2,2.7,5.9
183,Udonis Haslem\hasleud01,C,36,MIA,16,0,8.1,0.7,1.4,.500,0.0,0.1,.000,0.7,1.3,.550,.500,0.6,0.9,.600,0.5,1.7,2.2,0.4,0.3,0.1,0.5,1.3,1.9
184,Spencer Hawes\hawessp01,PF,28,TOT,53,1,14.7,2.4,5.1,.478,0.4,1.5,.295,2.0,3.6,.552,.520,0.8,0.9,.837,0.7,2.8,3.5,1.5,0.3,0.6,0.9,1.4,6.1
185,Gordon Hayward\haywago01,SF,26,UTA,72,72,34.6,7.5,15.9,.469,2.1,5.2,.399,5.4,10.8,.503,.534,5.0,6.0,.844,0.7,4.8,5.4,3.5,1.0,0.3,1.9,1.6,22.0
186,Gerald Henderson\hendege02,SG,29,PHI,71,41,23.1,3.3,7.7,.423,0.9,2.4,.353,2.4,5.3,.456,.479,1.9,2.3,.806,0.5,2.1,2.6,1.5,0.6,0.2,0.9,1.8,9.3
187,John Henson\hensojo01,C,26,MIL,57,38,19.5,2.7,5.3,.510,0.0,0.0,.000,2.7,5.3,.512,.510,1.3,1.9,.692,1.6,3.5,5.1,1.0,0.5,1.4,0.9,2.6,6.7
188,Juan Hernangomez\hernaju01,PF,21,DEN,60,8,13.0,1.5,3.3,.467,0.7,1.6,.429,0.8,1.7,.505,.574,0.9,1.2,.757,0.7,2.2,2.9,0.5,0.5,0.2,0.5,1.0,4.7
189,Willy Hernangomez\hernawi01,C,22,NYK,71,21,18.4,3.5,6.5,.530,0.1,0.2,.267,3.4,6.3,.539,.535,1.2,1.7,.723,2.3,4.6,6.9,1.3,0.6,0.5,1.4,2.1,8.2
190,Mario Hezonja\hezonma01,SF,21,ORL,64,2,14.6,1.8,5.0,.354,0.6,2.2,.291,1.1,2.8,.403,.418,0.6,0.8,.800,0.3,1.8,2.1,1.0,0.4,0.2,0.9,1.1,4.8
191,Roy Hibbert\hibbero01,C,30,TOT,48,13,14.2,1.7,3.1,.544,0.0,0.0,"",1.7,3.1,.544,.544,1.3,1.6,.813,1.1,2.1,3.2,0.4,0.2,1.0,0.7,2.1,4.6
192,Buddy Hield\hieldbu01,SG,23,TOT,80,53,22.7,3.9,9.2,.420,1.8,4.6,.387,2.1,4.6,.454,.517,0.8,0.9,.861,0.4,2.8,3.2,1.5,0.5,0.1,1.2,1.4,10.3
193,Nene Hilario\hilarne01,C,34,HOU,66,8,17.9,3.7,5.9,.618,0.0,0.1,.333,3.6,5.8,.625,.622,1.7,3.0,.590,1.4,2.8,4.2,1.0,0.8,0.6,1.1,2.5,9.1
194,George Hill\hillge01,PG,30,UTA,48,48,31.7,5.9,12.5,.476,1.9,4.8,.403,4.0,7.7,.522,.553,3.2,4.0,.801,0.5,3.0,3.4,4.1,1.0,0.2,1.8,2.4,17.0
195,Jordan Hill\hilljo01,C,29,MIN,7,0,6.7,0.7,1.9,.385,0.0,0.0,"",0.7,1.9,.385,.385,0.3,0.3,1.000,1.1,0.9,2.0,0.0,0.1,0.0,0.6,1.3,1.7
196,Solomon Hill\hillso01,SF,25,NOP,78,69,29.7,2.3,5.9,.382,1.2,3.4,.350,1.1,2.5,.424,.482,1.3,1.5,.817,0.7,3.2,3.8,1.8,0.9,0.4,1.0,2.3,6.9
197,Darrun Hilliard\hillida01,SG,23,DET,38,1,9.7,1.2,3.1,.370,0.3,1.2,.273,0.8,2.0,.427,.420,0.5,0.7,.731,0.1,0.8,0.9,0.8,0.3,0.1,0.7,1.0,3.1
198,Jrue Holiday\holidjr01,PG,26,NOP,65,59,33.0,6.1,13.4,.452,1.5,4.3,.361,4.5,9.2,.494,.509,1.8,2.6,.705,0.7,3.3,3.9,7.3,1.5,0.6,2.9,2.0,15.5
199,Justin Holiday\holidju01,SG,27,NYK,81,4,20.0,2.8,6.5,.430,1.2,3.3,.354,1.6,3.2,.508,.520,0.7,0.9,.822,0.3,2.4,2.7,1.2,0.8,0.4,0.8,1.3,7.5
200,Rondae Hollis-Jefferson\holliro01,SF,22,BRK,77,49,22.5,3.0,6.9,.436,0.2,0.9,.224,2.8,6.1,.467,.450,2.4,3.3,.749,1.2,4.6,5.8,2.0,1.1,0.6,1.5,2.3,8.7
201,Richaun Holmes\holmeri01,C,23,PHI,56,16,20.7,4.0,7.2,.556,0.5,1.3,.360,3.5,5.8,.601,.590,1.3,1.8,.696,1.6,3.8,5.4,1.0,0.7,1.0,1.0,2.4,9.7
202,Rodney Hood\hoodro01,SG,24,UTA,58,55,27.1,4.6,11.2,.411,1.9,5.1,.376,2.7,6.1,.441,.497,1.6,2.0,.783,0.3,3.1,3.4,1.6,0.7,0.2,1.1,2.2,12.7
203,Al Horford\horfoal01,C,30,BOS,67,67,32.4,5.6,11.8,.472,1.3,3.6,.358,4.3,8.3,.521,.526,1.6,2.0,.797,1.4,5.4,6.8,5.0,0.7,1.3,1.7,2.1,14.0
204,Danuel House\houseda01,SG,23,WAS,1,0,1.0,0.0,0.0,"",0.0,0.0,"",0.0,0.0,"","",0.0,0.0,"",0.0,1.0,1.0,0.0,0.0,0.0,0.0,0.0,0.0
205,Dwight Howard\howardw01,C,31,ATL,73,73,29.8,5.2,8.3,.630,0.0,0.0,.000,5.2,8.3,.632,.630,3.0,5.7,.530,4.0,8.7,12.7,1.4,0.9,1.2,2.3,2.8,13.5
206,Marcelo Huertas\huertma01,PG,33,LAL,23,1,10.3,1.1,3.0,.368,0.2,0.8,.211,0.9,2.1,.429,.397,0.4,0.7,.529,0.1,1.0,1.0,2.3,0.4,0.1,0.8,0.7,2.7
207,Josh Huestis\huestjo01,PF,25,OKC,1,0,7.0,3.0,4.0,.750,1.0,2.0,.500,2.0,2.0,1.000,.875,0.0,0.0,"",2.0,2.0,4.0,1.0,0.0,1.0,0.0,0.0,7.0
208,Kris Humphries\humphkr01,PF,31,ATL,54,3,12.0,1.6,3.7,.418,0.3,0.9,.367,1.2,2.8,.434,.463,1.1,1.4,.803,1.0,2.6,3.6,0.5,0.2,0.4,0.5,1.2,4.6
209,R.J. Hunter\hunterj01,SG,23,CHI,3,0,3.0,0.0,0.3,.000,0.0,0.3,.000,0.0,0.0,"",.000,0.0,0.0,"",0.0,0.3,0.3,0.0,0.0,0.0,0.0,0.0,0.0
210,Serge Ibaka\ibakase01,PF,27,TOT,79,79,30.7,6.0,12.4,.480,1.6,4.0,.391,4.4,8.4,.522,.543,1.4,1.6,.856,1.6,5.2,6.8,0.9,0.5,1.6,1.3,2.7,14.8
211,Andre Iguodala\iguodan01,SF,33,GSW,76,0,26.3,2.9,5.5,.528,0.8,2.3,.362,2.0,3.1,.651,.605,0.9,1.3,.706,0.7,3.3,4.0,3.4,1.0,0.5,0.8,1.3,7.6
212,Ersan Ilyasova\ilyaser01,PF,29,TOT,80,51,26.4,4.7,10.9,.431,1.8,4.9,.354,2.9,6.0,.494,.511,2.0,2.5,.776,1.4,4.5,5.9,1.7,0.7,0.3,1.4,2.6,13.1
213,Joe Ingles\inglejo01,SF,29,UTA,81,25,24.0,2.5,5.5,.453,1.5,3.4,.440,1.0,2.1,.474,.588,0.6,0.8,.735,0.3,2.9,3.2,2.7,1.2,0.1,1.3,2.0,7.1
214,Brandon Ingram\ingrabr01,SF,19,LAL,77,38,28.8,3.4,8.5,.405,0.7,2.4,.297,2.7,6.1,.448,.447,1.7,2.7,.623,0.7,3.3,4.0,2.0,0.6,0.5,1.4,2.0,9.3
215,Kyrie Irving\irvinky01,PG,24,CLE,72,72,35.1,9.3,19.7,.473,2.5,6.1,.401,6.9,13.6,.505,.535,4.1,4.6,.905,0.7,2.5,3.2,5.8,1.2,0.3,2.5,2.2,25.2
216,Jarrett Jack\jackja01,PG,33,NOP,2,0,16.5,1.0,1.5,.667,0.0,0.5,.000,1.0,1.0,1.000,.667,1.0,1.0,1.000,0.0,0.0,0.0,2.5,1.0,0.0,1.5,2.0,3.0
217,Demetrius Jackson\jacksde01,PG,22,BOS,5,0,3.4,0.6,0.8,.750,0.2,0.2,1.000,0.4,0.6,.667,.875,0.6,1.2,.500,0.4,0.4,0.8,0.6,0.0,0.0,0.0,0.0,2.0
218,Pierre Jackson\jackspi01,PG,25,DAL,8,1,10.5,1.6,4.9,.333,0.4,1.4,.273,1.3,3.5,.357,.372,0.8,0.9,.857,0.1,1.0,1.1,2.4,0.3,0.0,0.4,0.6,4.4
219,Reggie Jackson\jacksre01,PG,26,DET,52,50,27.4,5.5,13.0,.419,1.3,3.5,.359,4.2,9.5,.442,.468,2.3,2.6,.868,0.4,1.8,2.2,5.2,0.7,0.1,2.2,2.5,14.5
220,LeBron James\jamesle01,SF,32,CLE,74,74,37.8,9.9,18.2,.548,1.7,4.6,.363,8.3,13.5,.611,.594,4.8,7.2,.674,1.3,7.3,8.6,8.7,1.2,0.6,4.1,1.8,26.4
221,Al Jefferson\jeffeal01,C,32,IND,66,1,14.1,3.6,7.1,.499,0.0,0.0,.000,3.6,7.1,.500,.499,1.0,1.3,.765,1.1,3.1,4.2,0.9,0.3,0.2,0.5,1.9,8.1
222,Richard Jefferson\jefferi01,SF,36,CLE,78,13,20.4,1.9,4.3,.448,0.8,2.3,.333,1.2,2.0,.583,.538,1.0,1.3,.738,0.4,2.2,2.5,1.0,0.3,0.1,0.7,1.9,5.7
223,John Jenkins\jenkijo01,SG,25,PHO,4,0,3.3,0.5,1.3,.400,0.3,0.5,.500,0.3,0.8,.333,.500,0.5,0.5,1.000,0.0,0.3,0.3,0.3,0.0,0.0,0.0,0.0,1.8
224,Brandon Jennings\jennibr01,PG,27,TOT,80,12,22.2,2.4,6.6,.363,1.0,3.1,.320,1.4,3.5,.401,.438,1.4,1.9,.750,0.4,2.0,2.4,4.9,0.9,0.1,1.6,1.4,7.2
225,Jonas Jerebko\jerebjo01,PF,29,BOS,77,6,15.9,1.5,3.4,.438,0.6,1.7,.349,0.9,1.7,.527,.525,0.3,0.5,.743,0.8,2.7,3.5,0.9,0.4,0.2,0.5,1.6,3.9
226,Amir Johnson\johnsam01,PF,29,BOS,79,76,20.1,2.6,4.6,.570,0.3,0.8,.391,2.3,3.8,.609,.605,0.8,1.2,.670,1.5,3.1,4.6,1.8,0.6,0.8,1.0,2.6,6.4
227,Brice Johnson\johnsbr02,PF,22,LAC,3,0,3.0,0.7,2.3,.286,0.0,0.0,"",0.7,2.3,.286,.286,0.0,0.0,"",0.3,0.7,1.0,0.3,0.7,0.3,0.3,0.0,1.3
228,James Johnson\johnsja01,PF,29,MIA,75,4,27.3,4.8,10.1,.479,1.2,3.4,.345,3.7,6.7,.545,.536,2.0,2.8,.704,0.9,4.0,4.9,3.6,1.0,1.1,2.3,2.6,12.8
229,Joe Johnson\johnsjo02,SF,35,UTA,77,14,23.7,3.5,8.1,.435,1.4,3.3,.410,2.1,4.7,.453,.520,0.8,1.0,.827,0.4,2.7,3.1,1.8,0.5,0.2,0.9,1.2,9.2
230,Stanley Johnson\johnsst04,SF,20,DET,76,0,17.8,1.7,4.7,.358,0.6,2.0,.298,1.1,2.8,.402,.421,0.5,0.7,.679,0.5,2.0,2.5,1.4,0.7,0.3,0.9,1.6,4.5
231,Tyler Johnson\johnsty01,PG,24,MIA,72,0,30.0,4.9,11.4,.433,1.3,3.5,.373,3.6,7.9,.460,.490,2.7,3.5,.768,0.7,3.3,4.0,3.2,1.2,0.6,1.2,2.4,13.9
232,Wesley Johnson\johnswe01,SF,29,LAC,67,3,12.0,1.1,3.0,.364,0.4,1.7,.250,0.6,1.2,.524,.437,0.2,0.3,.647,0.4,2.3,2.7,0.3,0.4,0.4,0.3,1.2,2.7
233,Nikola Jokic\jokicni01,C,21,DEN,71,57,27.9,6.8,11.8,.577,0.6,1.9,.324,6.2,9.9,.626,.603,2.5,3.0,.827,2.9,6.8,9.7,4.9,0.8,0.7,2.3,2.9,16.7
234,Damian Jones\jonesda03,C,21,GSW,9,0,7.3,0.7,1.4,.462,0.0,0.0,"",0.7,1.4,.462,.462,0.3,0.9,.375,1.0,0.8,1.8,0.0,0.1,0.2,0.6,1.3,1.7
235,Derrick Jones\jonesde02,SF,19,PHO,31,7,16.5,2.1,3.6,.580,0.1,0.3,.250,2.0,3.4,.606,.589,0.8,1.2,.722,1.2,1.3,2.4,0.3,0.4,0.4,0.4,1.9,5.1
236,James Jones\jonesja02,SF,36,CLE,47,2,7.3,0.9,1.6,.539,0.6,1.1,.556,0.2,0.5,.500,.737,0.2,0.4,.647,0.0,0.7,0.7,0.3,0.1,0.2,0.2,0.7,2.6
237,Terrence Jones\joneste01,PF,25,TOT,54,12,23.5,4.3,9.1,.470,0.4,1.4,.253,3.9,7.7,.510,.490,1.9,3.1,.606,1.2,4.5,5.7,1.1,0.7,1.0,0.9,1.2,10.8
238,Tyus Jones\jonesty01,PG,20,MIN,58,0,12.6,1.2,2.9,.402,0.4,1.2,.338,0.8,1.7,.446,.470,0.5,0.7,.775,0.2,0.9,1.1,2.5,0.8,0.1,0.6,0.8,3.3
239,DeAndre Jordan\jordade01,C,28,LAC,80,80,31.7,5.1,7.1,.713,0.0,0.0,.000,5.1,7.1,.715,.713,2.5,5.3,.482,3.6,10.1,13.7,1.2,0.6,1.6,1.5,2.6,12.6
240,Cory Joseph\josepco01,SG,25,TOR,79,22,25.3,3.8,8.3,.454,0.6,1.7,.356,3.2,6.6,.480,.491,1.2,1.5,.770,0.7,2.3,3.0,3.4,0.8,0.2,1.4,1.8,9.3
241,Frank Kaminsky\kaminfr01,C,23,CHO,74,16,26.1,4.3,10.7,.401,1.6,4.7,.330,2.7,5.9,.457,.474,1.6,2.1,.761,0.8,3.8,4.6,2.2,0.6,0.5,1.0,1.9,11.7
242,Enes Kanter\kanteen01,C,24,OKC,70,0,21.4,5.6,10.3,.547,0.1,0.5,.132,5.5,9.7,.570,.550,3.1,4.0,.794,2.7,4.0,6.7,0.9,0.5,0.5,1.7,2.1,14.4
243,Ryan Kelly\kellyry01,PF,25,ATL,15,0,5.9,0.3,1.3,.250,0.1,0.5,.250,0.2,0.8,.250,.300,0.3,0.4,.833,0.0,1.0,1.0,0.5,0.3,0.3,0.2,0.3,1.1
244,Michael Kidd-Gilchrist\kiddgmi01,SF,23,CHO,80,80,29.1,3.6,7.6,.479,0.0,0.1,.111,3.6,7.5,.484,.479,1.9,2.4,.781,1.9,5.1,7.0,1.4,1.0,1.0,0.7,2.3,9.2
245,Sean Kilpatrick\kilpase01,SG,27,BRK,70,24,25.1,4.4,10.5,.415,1.5,4.4,.341,2.9,6.1,.468,.486,2.9,3.5,.843,0.3,3.7,4.0,2.2,0.7,0.1,1.9,1.7,13.1
246,Brandon Knight\knighbr03,SG,25,PHO,54,5,21.1,3.9,9.7,.398,0.8,2.6,.324,3.0,7.1,.425,.441,2.4,2.9,.857,0.5,1.7,2.2,2.4,0.5,0.1,1.6,1.6,11.0
247,Kyle Korver\korveky01,SG,35,TOT,66,22,26.4,3.6,7.7,.466,2.4,5.4,.451,1.2,2.3,.500,.623,0.6,0.6,.905,0.1,2.7,2.8,1.7,0.5,0.3,1.0,1.6,10.2
248,Kosta Koufos\koufoko01,C,27,SAC,71,62,20.0,3.0,5.5,.551,0.0,0.0,.000,3.0,5.5,.552,.551,0.5,0.9,.613,1.7,4.0,5.7,0.7,0.5,0.7,0.9,2.4,6.6
249,Mindaugas Kuzminskas\kuzmimi01,SF,27,NYK,67,5,14.9,2.3,5.4,.425,0.8,2.5,.319,1.5,2.9,.515,.499,0.8,1.0,.803,0.7,1.2,1.8,1.0,0.4,0.2,0.7,1.2,6.2
250,Skal Labissiere\labissk01,PF,20,SAC,31,10,17.8,3.6,6.6,.544,0.1,0.2,.429,3.5,6.4,.548,.551,1.5,2.1,.703,1.6,3.4,4.9,0.8,0.5,0.4,1.2,1.8,8.7
251,Jeremy Lamb\lambje01,SG,24,CHO,61,5,18.2,3.6,7.8,.463,0.7,2.3,.288,2.9,5.5,.536,.505,1.7,2.0,.846,0.5,3.8,4.2,1.2,0.4,0.4,0.6,1.6,9.5
252,Nicolas Laprovittola\laproni01,PG,27,SAS,18,3,9.7,1.1,2.6,.426,0.6,1.5,.370,0.6,1.1,.500,.532,0.5,0.5,1.000,0.1,0.5,0.6,1.6,0.2,0.1,1.1,1.1,3.3
253,Joffrey Lauvergne\lauvejo01,C,25,TOT,69,1,14.1,2.1,4.9,.439,0.5,1.4,.337,1.7,3.4,.481,.488,0.7,1.1,.630,1.0,2.6,3.6,1.0,0.3,0.1,0.8,1.2,5.4
254,Zach LaVine\lavinza01,SG,21,MIN,47,47,37.2,6.9,15.1,.459,2.6,6.6,.387,4.4,8.5,.515,.544,2.5,3.0,.836,0.4,3.0,3.4,3.0,0.9,0.2,1.8,2.2,18.9
255,Ty Lawson\lawsoty01,PG,29,SAC,68,23,25.0,3.4,7.5,.451,0.5,1.7,.282,2.9,5.8,.501,.483,2.4,3.0,.792,0.6,1.9,2.5,4.8,1.1,0.1,1.9,1.7,9.7
256,Jake Layman\laymaja01,SF,22,POR,34,0,6.2,0.6,2.3,.278,0.3,1.4,.239,0.3,1.0,.333,.348,0.4,0.5,.765,0.1,0.5,0.6,0.2,0.2,0.1,0.2,0.6,2.0
257,Courtney Lee\leeco01,SG,31,NYK,76,73,32.1,4.2,9.2,.456,1.4,3.5,.404,2.8,5.7,.487,.532,1.1,1.2,.882,0.7,2.7,3.4,2.4,1.1,0.3,0.9,1.8,10.9
258,David Lee\leeda02,PF,33,SAS,78,10,18.8,3.2,5.3,.592,0.0,0.0,"",3.2,5.3,.592,.592,1.0,1.4,.708,1.9,3.7,5.6,1.6,0.4,0.5,1.0,1.6,7.4
259,Alex Len\lenal01,C,23,PHO,76,33,20.3,3.0,6.0,.500,0.0,0.2,.250,3.0,5.8,.507,.503,2.0,2.7,.721,2.0,4.6,6.6,0.6,0.5,1.3,1.3,3.1,8.0
260,Kawhi Leonard\leonaka01,SF,25,SAS,73,73,33.5,8.6,17.8,.486,2.0,5.3,.380,6.6,12.5,.531,.542,6.4,7.3,.879,1.1,4.7,5.8,3.5,1.8,0.8,2.1,1.6,25.7
261,Meyers Leonard\leoname01,PF,24,POR,73,11,16.3,2.0,5.0,.390,1.0,2.9,.349,1.0,2.2,.443,.489,0.5,0.5,.875,0.4,2.7,3.1,1.0,0.2,0.4,0.5,2.3,5.4
262,Jon Leuer\leuerjo01,PF,27,DET,74,33,26.0,4.2,8.7,.484,0.7,2.2,.295,3.5,6.4,.549,.522,1.3,1.5,.865,1.4,4.0,5.4,1.5,0.4,0.4,0.9,2.0,10.3
263,Caris LeVert\leverca01,SF,22,BRK,56,25,21.6,3.0,6.6,.452,1.1,3.2,.330,1.9,3.4,.569,.533,1.2,1.7,.720,0.4,2.9,3.3,1.9,0.9,0.1,1.0,1.6,8.2
264,DeAndre Liggins\liggide01,SG,28,CLE,61,19,12.3,0.9,2.2,.382,0.3,0.7,.378,0.6,1.5,.385,.445,0.4,0.6,.622,0.3,1.4,1.7,0.9,0.7,0.2,0.7,1.3,2.4
265,Damian Lillard\lillada01,PG,26,POR,75,75,35.9,8.8,19.8,.444,2.9,7.7,.370,6.0,12.1,.491,.516,6.5,7.3,.895,0.6,4.3,4.9,5.9,0.9,0.3,2.6,2.0,27.0
266,Jeremy Lin\linje01,PG,28,BRK,36,33,24.5,4.9,11.1,.438,1.6,4.3,.372,3.3,6.8,.480,.510,3.2,3.9,.816,0.3,3.4,3.8,5.1,1.1,0.4,2.4,2.2,14.5
267,Shaun Livingston\livinsh01,PG,31,GSW,75,3,17.7,2.3,4.2,.553,0.0,0.0,.333,2.3,4.1,.555,.554,0.6,0.8,.700,0.4,1.6,2.0,1.8,0.5,0.3,0.8,1.6,5.2
268,Shawn Long\longsh01,C,24,PHI,17,0,12.8,3.4,5.6,.594,0.4,1.0,.412,2.9,4.6,.633,.630,1.1,2.1,.543,1.9,2.5,4.5,0.8,0.5,0.5,0.7,2.6,8.2
269,Kevon Looney\looneke01,C,20,GSW,53,4,8.4,1.1,2.0,.523,0.0,0.2,.222,1.0,1.8,.551,.533,0.4,0.6,.618,0.8,1.5,2.3,0.5,0.3,0.3,0.3,1.2,2.5
270,Brook Lopez\lopezbr01,C,28,BRK,75,75,29.6,7.4,15.6,.473,1.8,5.1,.348,5.6,10.5,.534,.530,3.9,4.9,.810,1.6,3.8,5.4,2.3,0.5,1.7,2.5,2.6,20.5
271,Robin Lopez\lopezro01,C,28,CHI,80,80,28.1,4.8,9.6,.493,0.0,0.0,.000,4.8,9.6,.494,.493,0.9,1.2,.714,3.0,3.4,6.4,1.0,0.2,1.5,1.1,1.9,10.4
272,Kevin Love\loveke01,PF,28,CLE,60,60,31.4,6.2,14.5,.427,2.4,6.5,.373,3.8,8.0,.471,.510,4.3,4.9,.871,2.5,8.6,11.1,1.9,0.9,0.4,2.0,2.1,19.0
273,Kyle Lowry\lowryky01,PG,30,TOR,59,59,37.7,7.2,15.4,.464,3.3,7.8,.415,3.9,7.6,.515,.569,5.0,6.1,.822,0.8,4.0,4.8,7.0,1.5,0.3,2.9,2.9,22.6
274,John Lucas III\lucasjo02,PG,34,MIN,5,0,2.2,0.2,0.8,.250,0.0,0.2,.000,0.2,0.6,.333,.250,0.0,0.0,"",0.0,0.0,0.0,0.2,0.4,0.0,0.0,0.0,0.4
275,Timothe Luwawu-Cabarrot\luwawti01,SF,21,PHI,68,18,17.1,2.1,5.2,.399,0.7,2.3,.310,1.3,2.8,.472,.469,1.5,1.8,.857,0.4,1.8,2.1,1.1,0.5,0.1,1.0,2.2,6.3
276,Trey Lyles\lylestr01,PF,21,UTA,70,4,16.4,2.3,6.2,.364,0.9,2.9,.319,1.3,3.3,.403,.438,0.8,1.1,.727,0.7,2.6,3.3,1.0,0.4,0.3,0.9,1.4,6.3
277,Shelvin Mack\macksh01,PG,26,UTA,54,9,21.8,3.1,6.9,.444,0.6,2.2,.299,2.4,4.8,.510,.491,0.9,1.4,.685,0.3,2.0,2.3,2.8,0.8,0.0,1.6,1.8,7.7
278,Ian Mahinmi\mahinia01,C,30,WAS,31,0,17.9,2.1,3.6,.586,0.0,0.0,"",2.1,3.6,.586,.586,1.4,2.4,.573,1.5,3.3,4.8,0.6,1.1,0.8,1.1,2.9,5.6
279,Thon Maker\makerth01,PF,19,MIL,56,33,9.6,1.4,3.1,.462,0.5,1.3,.389,0.9,1.8,.515,.543,0.5,0.8,.630,0.6,1.3,1.9,0.3,0.2,0.4,0.3,1.5,3.9
280,Boban Marjanovic\marjabo01,C,28,DET,34,0,8.0,1.9,3.5,.550,0.0,0.0,"",1.9,3.5,.550,.550,1.3,1.6,.804,1.2,2.3,3.5,0.3,0.1,0.3,0.3,0.7,5.2
281,Jarell Martin\martija01,PF,22,MEM,41,3,13.5,1.4,3.6,.388,0.2,0.6,.360,1.2,3.0,.393,.418,0.9,1.2,.792,0.9,2.9,3.8,0.2,0.4,0.2,0.7,2.2,3.9
282,Wesley Matthews\matthwe02,SG,30,DAL,73,73,34.2,4.6,11.6,.393,2.4,6.6,.363,2.2,5.0,.432,.496,2.0,2.5,.816,0.2,3.3,3.6,2.9,1.1,0.2,1.4,2.2,13.5
283,Luc Mbah a Moute\mbahalu01,PF,30,LAC,79,75,22.2,2.3,4.7,.500,0.5,1.4,.383,1.8,3.3,.548,.555,0.7,1.1,.702,0.6,1.6,2.2,0.5,1.0,0.4,0.6,1.5,5.9
284,James Michael McAdoo\mcadoja01,PF,24,GSW,51,1,8.4,1.2,2.2,.532,0.0,0.2,.250,1.1,2.0,.553,.541,0.4,0.8,.475,0.6,1.0,1.6,0.3,0.3,0.5,0.4,0.9,2.7
285,Patrick McCaw\mccawpa01,SG,21,GSW,70,20,14.9,1.4,3.3,.433,0.6,1.7,.339,0.9,1.6,.530,.519,0.4,0.5,.771,0.3,1.1,1.4,1.1,0.5,0.2,0.5,0.9,3.8
286,Sheldon McClellan\mcclesh01,SG,24,WAS,29,3,8.7,0.8,2.2,.375,0.2,0.9,.231,0.6,1.3,.474,.422,0.6,0.7,.857,0.1,0.9,1.0,0.5,0.3,0.1,0.1,0.6,2.5
287,C.J. McCollum\mccolcj01,SG,25,POR,80,80,35.0,8.7,18.0,.480,2.3,5.5,.420,6.3,12.5,.506,.544,3.4,3.7,.912,0.8,2.9,3.6,3.6,0.9,0.5,2.2,2.5,23.0
288,T.J. McConnell\mccontj01,PG,24,PHI,80,50,26.4,2.9,6.3,.462,0.1,0.7,.200,2.8,5.6,.494,.473,0.9,1.1,.830,0.5,2.6,3.1,6.6,1.7,0.1,2.0,1.7,6.9
289,Chris McCullough\mcculch01,PF,21,TOT,15,0,4.9,1.1,2.1,.516,0.1,0.4,.167,1.0,1.7,.600,.532,0.2,0.3,.600,0.6,0.5,1.1,0.1,0.1,0.1,0.1,0.5,2.4
290,K.J. McDaniels\mcdankj01,SF,23,TOT,48,0,10.0,1.5,3.3,.459,0.4,1.3,.311,1.1,2.0,.552,.519,0.6,0.7,.824,0.3,1.3,1.6,0.3,0.4,0.4,0.6,1.0,4.0
291,Doug McDermott\mcderdo01,SF,25,TOT,66,5,22.8,3.4,7.5,.446,1.2,3.2,.370,2.2,4.4,.500,.523,1.1,1.3,.845,0.3,2.4,2.7,0.9,0.2,0.1,0.6,1.2,9.0
292,JaVale McGee\mcgeeja01,C,29,GSW,76,10,9.5,2.7,4.1,.651,0.0,0.1,.000,2.7,4.1,.659,.651,0.7,1.4,.505,1.3,1.9,3.1,0.2,0.2,0.9,0.5,1.4,6.1
293,Rodney McGruder\mcgruro01,SG,25,MIA,77,64,25.3,2.5,5.9,.413,0.9,2.8,.333,1.5,3.1,.485,.492,0.6,0.9,.620,1.2,2.1,3.3,1.6,0.6,0.2,0.7,1.8,6.4
294,Ben McLemore\mclembe01,SG,23,SAC,59,26,18.9,2.9,6.8,.429,1.1,2.8,.388,1.8,4.0,.457,.509,1.0,1.4,.763,0.3,1.6,1.9,0.8,0.5,0.1,1.1,1.7,7.9
295,Jordan McRae\mcraejo01,SG,25,CLE,37,4,10.4,1.6,4.1,.387,0.5,1.4,.353,1.1,2.7,.404,.447,0.7,0.9,.794,0.2,0.9,1.1,0.5,0.2,0.2,0.4,0.8,4.4
296,Josh McRoberts\mcrobjo01,PF,29,MIA,22,14,17.3,2.0,5.4,.373,0.6,1.4,.419,1.4,4.0,.356,.428,0.3,0.4,.667,1.0,2.3,3.4,2.3,0.5,0.2,1.0,1.4,4.9
297,Jodie Meeks\meeksjo01,SG,29,ORL,35,10,20.5,2.9,7.1,.402,1.5,3.8,.402,1.3,3.3,.402,.508,1.8,2.0,.886,0.1,2.1,2.2,1.3,1.0,0.1,1.0,1.1,9.0
298,Salah Mejri\mejrisa01,C,30,DAL,71,11,12.5,1.2,1.9,.639,0.0,0.0,.000,1.2,1.8,.649,.639,0.5,0.8,.593,1.3,3.0,4.3,0.2,0.5,0.9,0.6,2.1,2.9
299,Jordan Mickey\mickejo01,PF,22,BOS,25,1,5.6,0.6,1.4,.441,0.0,0.0,.000,0.6,1.3,.455,.441,0.3,0.6,.571,0.5,0.8,1.4,0.3,0.1,0.2,0.4,0.5,1.5
300,Khris Middleton\middlkh01,SG,25,MIL,29,23,30.7,5.2,11.5,.450,1.6,3.6,.433,3.6,7.9,.459,.518,2.8,3.2,.880,0.4,3.8,4.2,3.4,1.4,0.2,2.2,2.7,14.7
301,C.J. Miles\milescj01,SF,29,IND,75,29,23.4,3.7,8.5,.435,2.2,5.4,.413,1.5,3.2,.473,.565,1.1,1.2,.903,0.4,2.6,3.0,0.6,0.6,0.3,0.5,2.0,10.7
302,Mike Miller\millemi01,SF,36,DEN,18,0,5.2,0.3,0.9,.375,0.3,0.8,.429,0.0,0.1,.000,.563,0.1,0.1,1.000,0.1,1.2,1.3,0.7,0.1,0.0,0.5,0.4,1.1
303,Patty Mills\millspa02,PG,28,SAS,79,8,22.0,3.4,7.8,.438,1.8,4.5,.410,1.6,3.3,.475,.555,0.8,1.0,.825,0.3,1.5,1.8,3.5,0.8,0.0,1.3,1.4,9.5
304,Elijah Millsap\millsel01,SG,29,PHO,1,0,12.0,0.0,5.0,.000,0.0,2.0,.000,0.0,3.0,.000,.000,0.0,0.0,"",0.0,2.0,2.0,1.0,0.0,0.0,1.0,2.0,0.0
305,Paul Millsap\millspa01,PF,31,ATL,68,66,34.1,6.3,14.1,.442,1.1,3.5,.313,5.1,10.6,.485,.481,4.6,6.0,.768,1.6,6.1,7.8,3.7,1.3,0.9,2.3,2.7,18.2
306,Nikola Mirotic\mirotni01,PF,25,CHI,69,14,24.0,3.7,8.9,.416,1.8,5.3,.344,1.9,3.5,.525,.520,1.4,1.8,.778,0.8,4.6,5.4,1.1,0.7,0.8,1.1,1.8,10.7
307,Greg Monroe\monrogr01,C,26,MIL,80,0,22.6,4.8,9.0,.534,0.0,0.0,.000,4.8,9.0,.536,.534,2.2,2.9,.739,2.1,4.5,6.6,2.3,1.1,0.5,1.7,2.1,11.8
308,E'Twaun Moore\mooreet01,SG,27,NOP,72,22,25.1,3.9,8.6,.458,1.1,2.9,.372,2.8,5.7,.501,.520,0.8,1.0,.778,0.5,1.7,2.1,2.3,0.7,0.4,0.9,1.8,9.7
309,Marcus Morris\morrima03,SF,27,DET,79,79,32.5,5.3,12.7,.418,1.5,4.5,.331,3.8,8.2,.466,.477,1.8,2.3,.784,1.0,3.7,4.6,2.0,0.7,0.3,1.1,2.1,14.0
310,Markieff Morris\morrima02,PF,27,WAS,76,76,31.2,5.3,11.7,.457,0.9,2.6,.362,4.4,9.1,.483,.497,2.4,2.8,.837,1.4,5.1,6.5,1.7,1.1,0.6,1.7,3.3,14.0
311,Anthony Morrow\morroan01,SG,31,TOT,48,7,14.8,2.0,5.2,.387,0.8,2.8,.303,1.2,2.4,.483,.468,0.7,0.8,.919,0.3,0.4,0.6,0.5,0.5,0.0,0.1,0.9,5.5
312,Donatas Motiejunas\motiedo01,PF,26,NOP,32,0,13.7,1.6,3.8,.433,0.3,1.3,.262,1.3,2.4,.526,.479,0.7,1.4,.477,0.8,2.2,3.0,1.0,0.5,0.3,0.9,1.6,4.3
313,Timofey Mozgov\mozgoti01,C,30,LAL,54,52,20.4,3.1,6.1,.515,0.0,0.0,.000,3.1,6.1,.517,.515,1.2,1.4,.808,1.9,3.0,4.9,0.8,0.3,0.6,1.3,2.5,7.4
314,Emmanuel Mudiay\mudiaem01,PG,20,DEN,55,41,25.6,3.8,10.0,.377,1.0,3.2,.316,2.8,6.8,.406,.428,2.4,3.0,.784,0.5,2.7,3.3,3.9,0.7,0.2,2.2,1.7,11.0
315,Shabazz Muhammad\muhamsh01,SF,24,MIN,76,1,19.5,3.6,7.6,.481,0.6,1.8,.348,3.0,5.7,.523,.523,1.9,2.4,.779,1.1,1.8,2.8,0.4,0.3,0.1,0.7,1.1,9.8
316,Dejounte Murray\murrade01,PG,20,SAS,37,8,8.5,1.3,3.1,.426,0.2,0.6,.391,1.1,2.5,.435,.465,0.6,0.8,.700,0.2,1.0,1.1,1.3,0.2,0.2,1.0,0.8,3.5
317,Jamal Murray\murraja01,SG,19,DEN,80,8,21.1,3.5,8.7,.403,1.4,4.1,.329,2.2,4.6,.469,.481,1.3,1.5,.880,0.5,2.1,2.6,1.9,0.7,0.3,1.4,1.5,9.7
318,Mike Muscala\muscami01,C,25,ATL,68,3,17.6,2.4,4.8,.500,0.6,1.6,.415,1.8,3.2,.541,.567,0.7,0.9,.758,1.1,2.4,3.5,1.3,0.4,0.6,0.8,1.4,6.1
319,Larry Nance Jr.\nancela02,PF,24,LAL,61,5,22.6,3.0,5.6,.535,0.1,0.5,.258,2.9,5.1,.563,.547,0.9,1.3,.731,1.9,3.9,5.7,1.5,1.3,0.6,0.9,2.4,7.0
320,Shabazz Napier\napiesh01,PG,25,POR,52,1,9.3,1.2,3.2,.382,0.6,1.7,.360,0.6,1.5,.405,.476,0.7,0.9,.783,0.2,0.9,1.1,1.3,0.6,0.0,0.7,0.7,3.7
321,Maurice Ndour\ndourma01,PF,24,NYK,31,3,9.9,1.2,2.6,.463,0.0,0.2,.143,1.2,2.4,.493,.469,0.6,0.8,.750,0.7,1.4,2.0,0.3,0.5,0.2,0.4,1.0,3.0
322,Gary Neal\nealga01,SG,32,ATL,2,0,9.0,0.0,3.5,.000,0.0,1.0,.000,0.0,2.5,.000,.000,2.0,2.0,1.000,0.0,0.5,0.5,0.5,0.0,0.0,0.0,0.5,2.0
323,Jameer Nelson\nelsoja01,PG,34,DEN,75,39,27.3,3.6,8.1,.444,1.4,3.6,.388,2.2,4.4,.489,.531,0.6,0.8,.714,0.4,2.2,2.6,5.1,0.7,0.1,1.7,2.6,9.2
324,Raul Neto\netora01,PG,24,UTA,40,0,8.7,1.0,2.3,.451,0.3,0.8,.323,0.8,1.5,.517,.505,0.2,0.2,.889,0.1,0.7,0.8,0.9,0.5,0.1,0.4,1.2,2.5
325,Georges Niang\niangge01,PF,23,IND,23,0,4.0,0.4,1.6,.250,0.0,0.5,.083,0.3,1.0,.333,.264,0.1,0.1,1.000,0.1,0.7,0.7,0.2,0.1,0.0,0.2,0.3,0.9
326,Andrew Nicholson\nichoan01,PF,27,TOT,37,0,8.6,1.1,2.8,.400,0.1,0.7,.192,1.0,2.1,.468,.424,0.2,0.4,.643,0.4,1.1,1.5,0.3,0.4,0.2,0.4,1.4,2.6
327,Joakim Noah\noahjo01,C,31,NYK,46,46,22.1,2.2,4.3,.495,0.0,0.0,.000,2.2,4.3,.497,.495,0.7,1.7,.436,3.5,5.2,8.7,2.2,0.7,0.8,1.3,2.8,5.0
328,Nerlens Noel\noelne01,C,22,TOT,49,17,20.6,3.6,6.0,.597,0.0,0.0,.000,3.6,6.0,.599,.597,1.5,2.2,.694,1.8,3.9,5.8,1.0,1.3,1.0,1.0,2.6,8.7
329,Lucas Nogueira\noguelu01,C,24,TOR,56,6,19.2,1.8,2.7,.673,0.1,0.2,.300,1.8,2.6,.699,.683,0.8,1.2,.657,1.4,2.8,4.3,0.7,0.9,1.6,0.8,2.4,4.5
330,Steve Novak\novakst01,PF,33,MIL,8,0,2.8,0.3,0.9,.286,0.1,0.8,.167,0.1,0.1,1.000,.357,0.0,0.0,"",0.0,0.4,0.4,0.0,0.0,0.0,0.0,0.1,0.6
331,Dirk Nowitzki\nowitdi01,PF,38,DAL,53,53,26.4,5.4,12.4,.436,1.5,3.9,.380,3.9,8.5,.461,.495,1.8,2.1,.873,0.4,6.1,6.5,1.5,0.5,0.7,0.9,2.1,14.1
332,Jusuf Nurkic\nurkiju01,C,22,TOT,65,48,21.4,4.2,8.2,.507,0.0,0.0,.000,4.2,8.2,.508,.507,1.8,3.2,.571,2.4,4.8,7.2,1.9,0.8,1.1,2.2,2.5,10.2
333,David Nwaba\nwabada01,SG,24,LAL,18,2,19.1,2.2,3.8,.565,0.1,0.3,.200,2.1,3.6,.594,.572,1.2,1.9,.629,0.8,2.3,3.2,0.6,0.6,0.4,0.4,1.7,5.6
334,Johnny O'Bryant\obryajo01,PF,23,TOT,11,0,7.3,1.4,2.7,.500,0.3,0.5,.500,1.1,2.2,.500,.550,0.5,0.5,.833,0.8,0.9,1.7,0.5,0.0,0.1,0.5,0.9,3.5
335,Kyle O'Quinn\oquinky01,PF,26,NYK,78,8,15.6,2.7,5.2,.521,0.0,0.2,.063,2.7,5.0,.539,.522,0.8,1.1,.771,2.0,3.6,5.6,1.5,0.4,1.3,1.0,2.2,6.3
336,Daniel Ochefu\ochefda01,C,23,WAS,18,0,3.2,0.4,1.2,.381,0.0,0.0,"",0.4,1.2,.381,.381,0.0,0.1,.000,0.2,0.9,1.1,0.1,0.1,0.0,0.2,0.9,0.9
337,Jahlil Okafor\okafoja01,C,21,PHI,50,33,22.7,4.8,9.4,.514,0.0,0.0,"",4.8,9.4,.514,.514,2.1,3.2,.671,1.6,3.2,4.8,1.2,0.4,1.0,1.8,2.4,11.8
338,Victor Oladipo\oladivi01,SG,24,OKC,65,65,33.3,6.2,14.0,.441,1.9,5.3,.362,4.2,8.6,.489,.510,1.7,2.3,.752,0.6,3.7,4.3,2.6,1.2,0.3,1.7,2.4,16.0
339,Kelly Olynyk\olynyke01,C,25,BOS,74,6,20.5,3.5,6.7,.515,0.9,2.6,.349,2.6,4.2,.616,.581,1.2,1.7,.732,1.0,3.8,4.8,1.9,0.6,0.4,1.3,2.7,9.1
340,Arinze Onuaku\onuakar01,C,29,ORL,8,0,3.5,0.3,0.5,.500,0.0,0.0,"",0.3,0.5,.500,.500,0.0,0.0,"",0.3,0.5,0.8,0.3,0.0,0.1,0.3,0.4,0.5
341,Chinanu Onuaku\onuakch01,C,20,HOU,5,1,10.4,1.0,1.4,.714,0.0,0.0,"",1.0,1.4,.714,.714,0.8,0.8,1.000,0.4,1.6,2.0,0.6,0.6,0.2,0.8,1.2,2.8
342,Kelly Oubre\oubreke01,SF,21,WAS,78,4,20.2,2.3,5.5,.423,0.7,2.4,.290,1.6,3.1,.525,.486,1.0,1.3,.758,0.8,2.6,3.3,0.6,0.7,0.2,0.6,2.5,6.3
343,Zaza Pachulia\pachuza01,C,32,GSW,69,69,18.2,2.3,4.4,.533,0.0,0.0,.000,2.3,4.4,.535,.533,1.4,1.8,.774,2.0,3.9,5.9,1.9,0.9,0.5,1.3,2.4,6.1
344,Georgios Papagiannis\papagge01,C,19,SAC,20,0,15.1,2.4,4.4,.552,0.0,0.1,.000,2.4,4.3,.558,.552,0.5,0.5,.900,1.1,2.9,3.9,0.8,0.2,0.8,0.9,2.0,5.3
345,Jabari Parker\parkeja01,PF,21,MIL,51,50,33.9,7.8,16.0,.490,1.3,3.5,.365,6.5,12.5,.525,.530,3.2,4.3,.743,1.5,4.6,6.1,2.8,1.0,0.4,1.8,2.2,20.1
346,Tony Parker\parketo01,PG,34,SAS,62,62,25.2,4.2,9.0,.463,0.4,1.1,.338,3.8,8.0,.481,.484,1.3,1.8,.717,0.1,1.6,1.8,4.6,0.5,0.0,1.4,1.5,10.1
347,Chandler Parsons\parsoch01,SF,28,MEM,34,34,19.9,2.2,6.5,.338,0.7,2.7,.269,1.5,3.8,.388,.394,1.0,1.3,.814,0.2,2.3,2.5,1.6,0.6,0.1,0.7,1.5,6.2
348,Lamar Patterson\pattela01,SG,25,ATL,5,0,8.0,0.6,3.0,.200,0.2,1.2,.167,0.4,1.8,.222,.233,0.4,0.6,.667,0.2,1.2,1.4,1.2,0.2,0.0,0.8,1.2,1.8
349,Patrick Patterson\pattepa01,PF,27,TOR,64,7,24.8,2.4,6.0,.399,1.5,3.9,.369,0.9,2.0,.458,.521,0.7,0.9,.717,1.0,3.6,4.5,1.2,0.6,0.4,0.6,1.9,6.9
350,Chris Paul\paulch01,PG,31,LAC,60,60,31.4,6.1,12.9,.476,2.0,5.0,.407,4.1,7.9,.519,.554,3.8,4.3,.891,0.7,4.3,5.0,9.2,1.9,0.1,2.4,2.4,18.1
351,Adreian Payne\paynead01,PF,25,MIN,17,0,7.6,1.4,3.2,.426,0.2,0.9,.200,1.2,2.3,.513,.454,0.8,1.1,.737,0.5,1.4,1.9,0.4,0.5,0.4,0.5,1.9,3.7
352,Cameron Payne\payneca01,PG,22,TOT,31,0,14.9,2.1,6.2,.332,0.9,2.8,.314,1.2,3.5,.346,.402,0.2,0.3,.625,0.1,1.5,1.5,1.8,0.5,0.2,0.9,1.7,5.2
353,Elfrid Payton\paytoel01,PG,22,ORL,81,57,29.4,5.2,11.0,.470,0.5,1.8,.269,4.7,9.2,.509,.492,1.8,2.6,.692,1.1,3.6,4.7,6.4,1.1,0.5,2.2,2.1,12.7
354,Gary Payton\paytoga02,PG,24,MIL,5,0,13.4,1.4,3.6,.389,0.2,1.4,.143,1.2,2.2,.545,.417,0.4,0.6,.667,0.0,1.0,1.0,1.6,0.6,0.4,1.4,1.2,3.4
355,Paul Pierce\piercpa01,SF,39,LAC,24,7,11.5,1.2,2.8,.412,0.6,1.7,.366,0.5,1.1,.481,.522,0.4,0.5,.769,0.0,2.0,2.0,0.4,0.2,0.2,0.7,1.7,3.4
356,Marshall Plumlee\plumlma02,C,24,NYK,20,1,7.2,0.5,1.0,.474,0.0,0.0,"",0.5,1.0,.474,.474,0.4,0.9,.471,1.0,1.1,2.0,0.5,0.2,0.2,0.5,0.9,1.3
357,Mason Plumlee\plumlma01,C,26,TOT,79,62,26.4,4.1,7.6,.534,0.0,0.1,.000,4.1,7.5,.540,.534,2.2,3.7,.578,2.1,5.4,7.5,3.6,0.9,1.1,1.6,2.8,10.3
358,Miles Plumlee\plumlmi01,C,28,TOT,44,12,10.4,1.0,2.0,.506,0.0,0.0,"",1.0,2.0,.506,.506,0.6,0.9,.641,0.8,1.2,2.0,0.5,0.4,0.3,0.7,1.6,2.6
359,Jakob Poeltl\poeltja01,C,21,TOR,53,4,11.4,1.2,2.1,.571,0.0,0.0,"",1.2,2.1,.571,.571,0.6,1.0,.545,1.4,1.6,3.0,0.2,0.3,0.4,0.6,2.0,3.0
360,Otto Porter\porteot01,SF,23,WAS,79,79,32.8,5.2,10.1,.516,1.9,4.3,.437,3.3,5.8,.575,.609,1.2,1.5,.828,1.5,4.9,6.4,1.5,1.5,0.5,0.5,2.4,13.5
361,Bobby Portis\portibo01,PF,21,CHI,63,13,15.5,2.8,5.8,.489,0.5,1.5,.330,2.3,4.3,.544,.532,0.6,0.9,.667,1.2,3.4,4.5,0.5,0.2,0.2,0.6,1.5,6.7
362,Kristaps Porzingis\porzikr01,PF,21,NYK,66,65,32.8,6.7,14.9,.450,1.7,4.8,.357,5.0,10.2,.493,.507,3.0,3.8,.786,1.7,5.5,7.2,1.5,0.7,2.0,1.8,3.7,18.1
363,Dwight Powell\poweldw01,C,25,DAL,75,2,17.0,2.5,4.8,.529,0.2,0.8,.293,2.3,4.0,.575,.553,1.3,1.8,.744,1.2,2.8,4.0,0.7,0.8,0.5,0.4,1.7,6.6
364,Norman Powell\powelno01,SG,23,TOR,75,17,17.8,2.9,6.6,.440,0.7,2.2,.315,2.2,4.3,.505,.494,1.7,2.1,.790,0.3,1.9,2.2,1.1,0.7,0.2,0.9,1.7,8.1
365,Alex Poythress\poythal01,SF,23,PHI,5,0,25.0,3.2,8.0,.400,1.2,3.2,.375,2.0,4.8,.417,.475,1.6,2.0,.800,1.6,2.8,4.4,0.8,0.4,0.2,0.6,2.2,9.2
366,Ronnie Price\pricero01,PG,33,PHO,13,0,8.9,0.2,1.3,.118,0.2,1.0,.154,0.0,0.3,.000,.176,0.2,0.3,.750,0.2,0.6,0.8,1.2,0.8,0.1,0.2,1.0,0.7
367,Tim Quarterman\quartti01,SG,22,POR,15,0,3.9,0.6,1.2,.500,0.2,0.5,.375,0.4,0.7,.600,.583,0.0,0.1,.000,0.1,0.5,0.7,0.5,0.1,0.1,0.3,0.3,1.4
368,Chasson Randle\randlch01,PG,23,TOT,25,0,10.9,1.4,3.6,.389,0.6,1.8,.333,0.8,1.8,.444,.472,1.6,1.7,.952,0.2,1.0,1.2,1.4,0.3,0.1,0.6,1.4,5.0
369,Julius Randle\randlju01,PF,22,LAL,72,71,29.1,5.1,10.5,.485,0.2,0.9,.270,4.9,9.6,.504,.496,2.8,3.8,.722,2.1,6.6,8.7,3.6,0.7,0.5,2.4,3.4,13.2
370,Zach Randolph\randoza01,PF,35,MEM,72,5,24.5,5.9,13.2,.448,0.3,1.3,.226,5.6,11.9,.473,.459,1.9,2.7,.729,2.5,5.7,8.3,1.7,0.5,0.1,1.3,1.9,14.1
371,J.J. Redick\redicjj01,SG,32,LAC,77,77,28.2,5.1,11.4,.445,2.6,6.0,.430,2.5,5.4,.462,.558,2.3,2.6,.889,0.1,2.1,2.2,1.4,0.7,0.2,1.3,1.6,15.0
372,Willie Reed\reedwi02,C,26,MIA,70,5,14.5,2.2,3.9,.558,0.0,0.1,.200,2.2,3.9,.565,.560,0.7,1.3,.557,1.8,2.9,4.7,0.4,0.3,0.7,0.4,1.9,5.1
373,Josh Richardson\richajo01,SG,23,MIA,52,33,30.3,3.8,9.6,.391,1.4,4.3,.326,2.4,5.4,.443,.463,1.2,1.5,.779,0.7,2.5,3.2,2.7,1.2,0.8,1.2,2.5,10.1
374,Malachi Richardson\richama01,SG,21,SAC,22,0,9.0,1.3,3.1,.412,0.4,1.3,.286,0.9,1.8,.500,.471,0.7,0.9,.789,0.1,0.9,1.0,0.5,0.2,0.0,0.4,1.0,3.6
375,Austin Rivers\riverau01,SG,24,LAC,74,29,27.8,4.4,9.9,.442,1.5,4.0,.371,2.9,5.8,.491,.518,1.8,2.6,.691,0.3,1.9,2.2,2.8,0.7,0.1,1.6,2.5,12.0
376,Andre Roberson\roberan03,SF,25,OKC,79,79,30.1,2.7,5.8,.465,0.6,2.3,.246,2.2,3.5,.609,.514,0.6,1.4,.423,1.2,3.9,5.1,1.0,1.2,1.0,0.6,2.6,6.6
377,Brian Roberts\roberbr01,PG,31,CHO,40,1,9.7,1.1,2.9,.383,0.4,1.0,.415,0.7,1.9,.365,.457,0.8,1.0,.846,0.1,0.8,1.0,1.3,0.2,0.0,0.6,0.5,3.5
378,Glenn Robinson\robingl02,SF,23,IND,69,27,20.7,2.3,4.9,.466,0.7,1.8,.392,1.6,3.1,.509,.538,0.8,1.1,.711,0.8,2.7,3.6,0.7,0.6,0.3,0.5,0.9,6.1
379,Thomas Robinson\robinth01,PF,25,LAL,46,1,11.5,2.2,4.0,.532,0.0,0.0,.000,2.2,4.0,.535,.532,0.6,1.3,.468,1.8,2.9,4.7,0.6,0.6,0.2,0.9,1.6,4.9
380,Sergio Rodriguez\rodrise01,PG,30,PHI,68,30,22.3,3.1,7.9,.392,1.4,3.7,.365,1.7,4.2,.415,.478,0.3,0.4,.667,0.3,2.0,2.3,5.1,0.7,0.1,1.9,1.4,7.8
381,Rajon Rondo\rondora01,PG,30,CHI,68,41,26.8,3.3,8.1,.408,0.7,1.9,.366,2.6,6.2,.420,.451,0.4,0.7,.600,1.0,4.1,5.1,6.7,1.4,0.2,2.5,2.1,7.8
382,Derrick Rose\rosede01,PG,28,NYK,64,64,32.5,7.2,15.3,.471,0.2,0.9,.217,7.0,14.3,.487,.477,3.5,4.0,.874,1.0,2.8,3.8,4.4,0.7,0.3,2.3,1.3,18.0
383,Terrence Ross\rosste01,SF,25,TOT,77,23,25.1,4.2,9.7,.437,1.8,5.1,.364,2.4,4.6,.517,.532,0.8,1.0,.831,0.2,2.4,2.6,1.1,1.1,0.4,0.9,1.8,11.1
384,Terry Rozier\roziete01,PG,22,BOS,73,0,17.3,2.1,5.6,.367,0.8,2.5,.318,1.3,3.2,.405,.437,0.7,0.9,.773,0.5,2.5,3.1,1.8,0.6,0.2,0.6,0.9,5.6
385,Ricky Rubio\rubiori01,PG,26,MIN,74,74,32.9,3.5,8.6,.403,0.8,2.6,.306,2.7,6.0,.446,.450,3.4,3.8,.889,0.9,3.2,4.1,9.1,1.7,0.1,2.6,2.7,11.1
386,Damjan Rudez\rudezda01,SF,30,ORL,45,0,7.0,0.7,2.0,.352,0.4,1.4,.313,0.2,0.5,.458,.466,0.0,0.0,"",0.1,0.4,0.6,0.4,0.3,0.0,0.2,0.7,1.8
387,Brandon Rush\rushbr01,SG,31,MIN,45,31,21.8,1.5,4.0,.372,0.9,2.4,.389,0.6,1.6,.347,.489,0.3,0.4,.750,0.3,1.8,2.1,1.0,0.5,0.5,0.6,0.9,4.2
388,D'Angelo Russell\russeda01,PG,20,LAL,63,60,28.7,5.6,13.8,.405,2.1,6.1,.352,3.4,7.7,.447,.483,2.3,3.0,.782,0.5,3.0,3.5,4.8,1.4,0.3,2.8,2.1,15.6
389,Domantas Sabonis\sabondo01,PF,20,OKC,79,65,20.1,2.3,5.8,.405,0.6,1.9,.329,1.7,3.9,.443,.460,0.5,0.8,.623,0.5,3.0,3.5,1.0,0.5,0.4,1.0,2.4,5.8
390,Larry Sanders\sandela01,C,28,CLE,5,0,2.6,0.2,0.8,.250,0.0,0.0,"",0.2,0.8,.250,.250,0.4,0.4,1.000,0.6,0.2,0.8,0.0,0.2,0.2,0.4,1.0,0.8
391,Dario Saric\saricda01,PF,22,PHI,81,36,26.3,4.7,11.4,.411,1.3,4.2,.311,3.4,7.2,.469,.468,2.1,2.7,.782,1.4,5.0,6.3,2.2,0.7,0.4,2.3,2.0,12.8
392,Tomas Satoransky\satorto01,SG,25,WAS,56,2,12.3,1.1,2.5,.432,0.2,0.6,.265,0.9,1.9,.486,.464,0.4,0.6,.697,0.4,1.0,1.4,1.5,0.4,0.1,0.6,1.0,2.7
393,Dennis Schroder\schrode01,PG,23,ATL,78,77,31.5,7.0,15.5,.450,1.3,3.8,.340,5.7,11.7,.486,.492,2.8,3.2,.854,0.5,2.6,3.1,6.3,0.9,0.2,3.3,1.9,18.0
394,Luis Scola\scolalu01,PF,36,BRK,36,1,12.8,2.0,4.2,.470,0.5,1.4,.340,1.5,2.8,.535,.526,0.7,1.0,.676,1.4,2.4,3.9,1.0,0.4,0.1,0.9,1.8,5.1
395,Mike Scott\scottmi01,PF,28,ATL,18,0,10.8,0.9,3.2,.293,0.2,1.5,.148,0.7,1.7,.419,.328,0.4,0.4,.875,0.6,1.5,2.1,0.9,0.2,0.2,0.4,0.7,2.5
396,Thabo Sefolosha\sefolth01,SF,32,ATL,60,42,25.9,2.9,6.4,.446,0.7,2.0,.350,2.2,4.5,.487,.499,0.9,1.3,.733,0.9,3.5,4.4,1.8,1.6,0.5,0.9,1.6,7.3
397,Wayne Selden\seldewa01,SG,22,TOT,13,5,15.8,1.6,3.9,.412,0.4,1.9,.200,1.2,2.0,.615,.461,1.1,1.7,.636,0.1,1.1,1.2,0.9,0.5,0.1,0.8,1.2,4.7
398,Kevin Seraphin\serapke01,PF,27,IND,48,3,11.3,2.2,4.0,.558,0.0,0.0,.000,2.2,3.9,.564,.558,0.3,0.4,.600,0.9,2.1,2.9,0.5,0.1,0.4,0.6,1.3,4.7
399,Ramon Sessions\sessira01,PG,30,CHO,50,1,16.2,2.0,5.3,.380,0.4,1.2,.339,1.6,4.0,.393,.420,1.8,2.4,.771,0.2,1.2,1.5,2.6,0.5,0.1,0.9,0.9,6.2
400,Iman Shumpert\shumpim01,SG,26,CLE,75,30,25.4,2.6,6.4,.412,1.3,3.4,.364,1.4,3.0,.466,.509,0.9,1.1,.786,0.5,2.4,2.9,1.4,0.8,0.4,1.0,2.0,7.4
401,Pascal Siakam\siakapa01,PF,22,TOR,54,38,15.4,1.8,3.6,.503,0.0,0.1,.167,1.8,3.5,.513,.505,0.4,0.6,.688,1.1,2.1,3.3,0.3,0.5,0.8,0.6,2.0,4.1
402,Jonathon Simmons\simmojo02,SG,27,SAS,77,8,17.9,2.3,5.4,.422,0.4,1.3,.297,1.9,4.1,.462,.458,1.3,1.7,.750,0.2,1.8,2.1,1.6,0.6,0.3,1.0,1.9,6.2
403,Kyle Singler\singlky01,SF,28,OKC,30,0,11.0,0.9,2.2,.415,0.2,1.0,.194,0.7,1.1,.618,.462,0.3,0.4,.818,0.3,1.0,1.3,0.3,0.2,0.1,0.4,0.8,2.3
404,Marcus Smart\smartma01,PG,22,BOS,78,24,30.4,3.4,9.6,.359,1.2,4.2,.283,2.2,5.3,.420,.422,2.6,3.2,.810,1.0,2.9,3.9,4.6,1.6,0.4,2.0,2.4,10.6
405,Ish Smith\smithis01,PG,28,DET,80,31,24.0,4.0,9.1,.440,0.3,1.2,.273,3.7,7.9,.467,.459,0.9,1.2,.704,0.3,2.6,2.9,5.1,0.8,0.4,1.4,1.6,9.2
406,J.R. Smith\smithjr01,SG,31,CLE,40,34,29.1,3.1,8.7,.352,2.4,6.6,.355,0.7,2.1,.341,.487,0.3,0.4,.667,0.4,2.4,2.8,1.4,1.0,0.3,0.6,1.9,8.7
407,Jason Smith\smithja02,C,30,WAS,73,3,14.5,2.4,4.5,.529,0.5,1.1,.474,1.9,3.4,.546,.586,0.5,0.7,.694,0.9,2.6,3.5,0.5,0.3,0.8,0.8,2.3,5.7
408,Tony Snell\snellto01,SG,25,MIL,80,80,29.2,3.1,6.8,.455,1.8,4.4,.406,1.3,2.3,.548,.588,0.6,0.7,.810,0.3,2.8,3.1,1.2,0.7,0.2,0.7,1.6,8.5
409,Marreese Speights\speigma01,C,29,LAC,81,2,15.7,3.0,6.7,.446,1.3,3.4,.375,1.7,3.3,.519,.541,1.5,1.7,.876,1.1,3.5,4.6,0.8,0.3,0.5,0.8,2.8,8.7
410,Tiago Splitter\splitti01,C,32,PHI,7,0,7.7,1.3,2.7,.474,0.1,0.4,.333,1.1,2.3,.500,.500,1.1,1.3,.889,0.7,1.7,2.4,0.6,0.0,0.1,0.7,0.7,3.9
411,Nik Stauskas\stausni01,SG,23,PHI,79,27,27.3,3.1,7.9,.398,1.6,4.5,.368,1.5,3.4,.437,.502,1.5,1.8,.808,0.3,2.5,2.8,2.3,0.6,0.4,1.6,1.8,9.4
412,Lance Stephenson\stephla01,SG,26,TOT,17,0,19.9,3.1,6.6,.460,0.4,1.1,.316,2.7,5.5,.489,.487,0.5,0.8,.615,0.2,2.3,2.5,3.1,0.2,0.1,1.4,1.8,6.9
413,Jarnell Stokes\stokeja01,PF,23,DEN,2,0,3.5,0.5,0.5,1.000,0.0,0.0,"",0.5,0.5,1.000,1.000,0.5,1.0,.500,0.5,0.5,1.0,1.0,0.5,0.0,0.0,1.5,1.5
414,Diamond Stone\stonedi01,C,19,LAC,7,0,3.4,0.4,1.9,.231,0.0,0.0,"",0.4,1.9,.231,.231,0.6,0.6,1.000,0.1,0.7,0.9,0.0,0.0,0.1,0.3,0.7,1.4
415,Rodney Stuckey\stuckro01,PG,30,IND,39,0,17.8,2.3,6.3,.373,0.5,1.5,.317,1.8,4.7,.391,.412,2.1,2.7,.748,0.2,2.0,2.2,2.2,0.4,0.0,1.4,1.1,7.2
416,Jared Sullinger\sullija01,PF,24,TOR,11,1,10.7,1.4,4.4,.313,0.3,1.6,.167,1.1,2.7,.400,.344,0.4,0.7,.500,0.9,1.5,2.5,0.3,0.4,0.1,0.4,1.5,3.4
417,Walter Tavares\tavarwa01,C,24,ATL,1,0,4.0,1.0,1.0,1.000,0.0,0.0,"",1.0,1.0,1.000,1.000,0.0,2.0,.000,0.0,1.0,1.0,0.0,0.0,0.0,0.0,0.0,2.0
418,Isaiah Taylor\taylois01,PG,22,HOU,3,0,17.0,0.3,2.3,.143,0.0,0.7,.000,0.3,1.7,.200,.143,0.3,0.7,.500,0.3,0.7,1.0,1.0,0.3,0.3,0.0,1.7,1.0
419,Jeff Teague\teaguje01,PG,28,IND,81,81,32.4,4.9,11.1,.440,1.1,3.1,.356,3.8,8.0,.473,.490,4.4,5.0,.870,0.4,3.7,4.1,7.8,1.2,0.4,2.7,2.0,15.2
420,Mirza Teletovic\teletmi01,PF,31,MIL,69,2,16.0,2.2,5.9,.376,1.5,4.3,.343,0.7,1.6,.464,.501,0.5,0.6,.767,0.2,2.1,2.3,0.7,0.2,0.2,0.5,1.5,6.4
421,Garrett Temple\templga01,SG,30,SAC,64,20,26.6,2.8,6.6,.421,1.3,3.4,.367,1.5,3.2,.478,.515,0.9,1.2,.784,0.5,2.3,2.8,2.6,1.3,0.4,1.2,2.2,7.8
422,Jason Terry\terryja01,SG,39,MIL,73,0,18.6,1.4,3.3,.432,1.0,2.3,.427,0.4,1.0,.443,.583,0.3,0.4,.828,0.2,1.2,1.5,1.3,0.6,0.3,0.5,1.3,4.2
423,Isaiah Thomas\thomais02,PG,27,BOS,75,75,34.0,9.1,19.5,.464,3.2,8.5,.380,5.8,11.0,.530,.548,7.8,8.6,.910,0.5,2.1,2.7,5.9,0.9,0.1,2.8,2.2,29.1
424,Lance Thomas\thomala01,PF,28,NYK,46,15,21.0,2.1,5.3,.398,0.8,1.8,.447,1.3,3.5,.371,.475,0.9,1.1,.843,0.7,2.4,3.1,0.8,0.5,0.1,0.5,1.8,6.0
425,Hollis Thompson\thompho01,SG,25,TOT,40,9,18.8,1.9,5.0,.385,0.8,2.4,.337,1.1,2.6,.429,.465,0.5,0.7,.655,0.5,2.3,2.8,0.9,0.5,0.2,0.3,1.7,5.1
426,Klay Thompson\thompkl01,SG,26,GSW,77,77,34.1,8.3,17.7,.469,3.5,8.3,.416,4.8,9.4,.517,.567,2.4,2.8,.855,0.6,3.1,3.7,2.1,0.8,0.5,1.7,1.8,22.5
427,Tristan Thompson\thomptr01,C,25,CLE,77,77,30.1,3.3,5.6,.596,0.0,0.0,.000,3.3,5.6,.600,.596,1.4,2.7,.502,3.7,5.6,9.3,1.0,0.5,1.1,0.8,2.3,8.1
428,Marcus Thornton\thornma01,SG,29,WAS,33,1,17.4,2.5,6.4,.400,0.8,2.4,.350,1.7,3.9,.431,.467,0.7,0.8,.852,0.7,1.6,2.3,1.2,0.6,0.1,0.8,1.5,6.6
429,Mike Tobey\tobeymi01,C,22,CHO,2,0,12.5,0.5,2.0,.250,0.0,0.0,"",0.5,2.0,.250,.250,0.0,0.0,"",1.0,0.5,1.5,0.5,0.0,0.0,0.5,1.0,1.0
430,Anthony Tolliver\tollian01,PF,31,SAC,64,9,22.7,2.4,5.4,.441,1.4,3.5,.389,1.0,1.9,.537,.568,0.9,1.2,.733,0.8,2.8,3.6,1.2,0.5,0.3,0.9,1.7,7.0
431,Axel Toupane\toupaax01,SF,24,MIL,2,0,3.0,0.0,0.5,.000,0.0,0.5,.000,0.0,0.0,"",.000,0.0,0.0,"",0.0,0.0,0.0,0.0,0.0,0.0,0.0,0.5,0.0
432,Karl-Anthony Towns\townska01,C,21,MIN,80,80,36.9,9.8,18.0,.541,1.2,3.3,.362,8.6,14.7,.581,.574,4.4,5.3,.830,3.7,8.5,12.2,2.7,0.7,1.3,2.6,3.0,25.1
433,P.J. Tucker\tuckepj01,SF,31,TOT,80,21,27.9,2.5,6.0,.415,0.9,2.4,.359,1.6,3.6,.453,.488,0.9,1.2,.774,1.5,4.4,5.9,1.2,1.5,0.2,0.8,2.4,6.8
434,Evan Turner\turneev01,SG,28,POR,64,11,25.6,3.6,8.5,.426,0.5,1.8,.263,3.1,6.7,.472,.455,1.3,1.6,.825,0.6,3.2,3.8,3.2,0.8,0.4,1.5,1.9,9.1
435,Myles Turner\turnemy01,C,20,IND,80,80,31.4,5.5,10.7,.511,0.5,1.4,.348,5.0,9.3,.536,.534,3.0,3.7,.806,1.7,5.5,7.2,1.3,0.9,2.1,1.3,3.3,14.4
436,Beno Udrih\udrihbe01,PG,34,DET,39,0,14.4,2.4,5.1,.467,0.3,0.8,.344,2.1,4.2,.491,.495,0.8,0.9,.941,0.2,1.3,1.5,3.4,0.3,0.0,0.9,0.7,5.8
437,Tyler Ulis\ulisty01,PG,21,PHO,60,14,18.1,2.9,6.9,.422,0.3,1.2,.254,2.6,5.7,.457,.444,0.9,1.1,.785,0.3,1.2,1.5,3.7,0.8,0.1,1.3,1.2,7.0
438,Jarrod Uthoff\uthofja01,PF,23,DAL,7,0,10.9,1.4,4.3,.333,0.3,1.0,.286,1.1,3.3,.348,.367,0.3,0.4,.667,1.1,1.4,2.6,0.6,0.3,0.4,0.4,0.9,3.4
439,Jonas Valanciunas\valanjo01,C,24,TOR,79,79,25.9,4.9,8.8,.556,0.0,0.0,.000,4.9,8.7,.557,.556,2.2,2.7,.811,2.8,6.7,9.5,0.7,0.5,0.8,1.3,2.7,12.0
440,Denzel Valentine\valende01,SG,23,CHI,56,0,17.3,1.8,5.1,.352,1.3,3.7,.351,0.5,1.4,.354,.479,0.3,0.3,.778,0.2,2.5,2.7,1.1,0.5,0.1,0.9,1.5,5.1
441,Fred VanVleet\vanvlfr01,PG,22,TOR,36,0,7.6,1.0,2.9,.356,0.3,0.8,.393,0.7,2.1,.342,.409,0.5,0.6,.850,0.1,0.9,1.1,0.8,0.5,0.1,0.4,0.9,2.8
442,Anderson Varejao\varejan01,C,34,GSW,14,1,6.6,0.4,1.0,.357,0.0,0.0,"",0.4,1.0,.357,.357,0.6,0.8,.727,0.9,1.1,1.9,0.7,0.2,0.2,0.6,1.1,1.3
443,Greivis Vasquez\vasqugr01,PG,30,BRK,3,0,13.0,0.7,2.7,.250,0.3,1.0,.333,0.3,1.7,.200,.313,0.7,1.0,.667,0.0,0.7,0.7,1.7,0.3,0.3,0.3,2.0,2.3
444,Rashad Vaughn\vaughra01,SG,20,MIL,40,1,10.5,1.3,3.5,.362,0.6,1.9,.312,0.7,1.6,.422,.447,0.1,0.1,.500,0.1,1.1,1.2,0.5,0.4,0.2,0.2,0.7,3.2
445,Noah Vonleh\vonleno01,PF,21,POR,73,40,16.8,1.7,3.6,.477,0.1,0.3,.350,1.6,3.3,.488,.490,0.8,1.2,.637,1.7,3.4,5.0,0.4,0.4,0.4,0.9,2.1,4.3
446,Nikola Vucevic\vucevni01,C,26,ORL,74,54,28.9,6.4,13.7,.468,0.3,1.0,.288,6.1,12.7,.481,.478,1.4,2.2,.669,2.4,8.0,10.4,2.8,1.0,1.0,1.6,2.4,14.6
447,Sasha Vujacic\vujacsa01,SG,32,NYK,41,4,9.5,1.0,3.1,.315,0.5,1.7,.304,0.5,1.4,.328,.398,0.4,0.5,.727,0.2,1.1,1.3,1.1,0.3,0.0,0.3,0.9,2.9
448,Dwyane Wade\wadedw01,SG,35,CHI,59,58,30.0,7.0,16.0,.434,0.8,2.5,.310,6.2,13.6,.457,.458,3.8,4.7,.796,1.1,3.5,4.6,3.8,1.5,0.7,2.2,1.9,18.5
449,Dion Waiters\waitedi01,SG,25,MIA,46,43,30.1,6.1,14.4,.423,1.8,4.7,.394,4.3,9.7,.438,.487,1.8,2.8,.646,0.4,3.0,3.3,4.3,0.9,0.4,2.2,2.1,15.8
450,Kemba Walker\walkeke02,PG,26,CHO,79,79,34.7,8.1,18.4,.443,3.0,7.6,.399,5.1,10.7,.475,.526,3.8,4.5,.847,0.6,3.3,3.9,5.5,1.1,0.3,2.1,1.5,23.2
451,John Wall\walljo01,PG,26,WAS,78,78,36.4,8.3,18.4,.451,1.1,3.5,.327,7.2,14.9,.480,.482,5.4,6.8,.801,0.7,3.5,4.2,10.7,2.1,0.6,4.1,1.9,23.1
452,Taurean Waller-Prince\princta02,SF,22,ATL,57,8,16.4,1.9,4.8,.391,0.6,1.7,.330,1.3,3.1,.425,.450,1.3,1.6,.800,0.4,2.3,2.7,0.9,0.7,0.5,1.1,1.6,5.5
453,T.J. Warren\warretj01,SF,23,PHO,65,58,30.9,6.1,12.2,.499,0.4,1.5,.258,5.7,10.7,.533,.515,1.8,2.3,.776,1.9,3.2,5.1,1.1,1.1,0.6,0.9,2.7,14.4
454,C.J. Watson\watsocj01,PG,32,ORL,62,9,16.3,1.5,4.0,.387,0.5,1.7,.305,1.0,2.3,.448,.452,0.9,1.1,.864,0.3,1.2,1.4,1.9,0.7,0.0,0.8,1.4,4.5
455,Briante Weber\weberbr01,PG,24,TOT,19,0,9.5,1.2,2.7,.431,0.0,0.4,.000,1.2,2.3,.500,.431,0.4,0.6,.667,0.4,0.9,1.3,1.0,0.6,0.1,0.3,0.7,2.7
456,David West\westda01,PF,36,GSW,67,0,12.5,2.0,3.7,.538,0.0,0.1,.375,2.0,3.6,.544,.544,0.6,0.8,.768,0.7,2.3,3.0,2.2,0.6,0.7,1.1,1.5,4.7
457,Russell Westbrook\westbru01,PG,28,OKC,80,80,34.8,10.3,24.1,.426,2.5,7.2,.344,7.8,16.9,.460,.477,8.9,10.5,.845,1.7,9.0,10.7,10.4,1.7,0.4,5.4,2.4,31.9
458,Okaro White\whiteok01,PF,24,MIA,34,0,13.5,1.0,2.5,.384,0.4,1.0,.353,0.6,1.5,.404,.453,0.6,0.6,.909,0.8,1.7,2.4,0.6,0.3,0.3,0.5,1.5,2.9
459,Isaiah Whitehead\whiteis01,PG,21,BRK,72,26,22.5,2.8,6.9,.406,0.6,2.0,.299,2.2,4.9,.450,.450,1.3,1.6,.805,0.4,2.1,2.5,2.6,0.6,0.5,1.9,2.4,7.5
460,Hassan Whiteside\whiteha01,C,27,MIA,76,76,32.7,7.0,12.6,.556,0.0,0.0,"",7.0,12.6,.556,.556,2.9,4.6,.628,3.8,10.3,14.1,0.8,0.7,2.1,2.0,3.0,16.9
461,Andrew Wiggins\wiggian01,SF,21,MIN,80,80,37.3,8.7,19.2,.454,1.3,3.5,.357,7.4,15.7,.475,.486,5.1,6.6,.764,1.3,2.8,4.1,2.3,1.0,0.4,2.3,2.2,23.7
462,C.J. Wilcox\wilcocj01,SG,26,ORL,22,0,4.9,0.4,1.4,.258,0.1,0.7,.200,0.2,0.7,.313,.306,0.1,0.1,1.000,0.2,0.4,0.5,0.5,0.1,0.0,0.3,0.4,1.0
463,Alan Williams\willial03,PF,24,PHO,46,0,14.8,2.8,5.6,.510,0.0,0.0,.000,2.8,5.6,.512,.510,1.5,2.4,.625,2.0,4.1,6.1,0.5,0.6,0.7,0.8,2.6,7.2
464,Deron Williams\willide01,PG,32,TOT,63,43,25.9,4.1,9.4,.437,1.3,3.7,.357,2.8,5.8,.488,.506,1.4,1.7,.824,0.2,2.1,2.3,5.7,0.5,0.1,2.1,2.1,11.0
465,Derrick Williams\willide02,PF,25,TOT,49,11,15.9,2.1,4.8,.445,0.6,1.9,.298,1.6,2.9,.542,.504,1.1,1.8,.644,0.4,2.2,2.6,0.5,0.3,0.2,0.6,1.2,6.0
466,Lou Williams\willilo02,SG,30,TOT,80,1,24.6,5.3,12.4,.432,2.0,5.5,.369,3.3,6.9,.483,.514,5.0,5.7,.879,0.3,2.2,2.5,2.9,1.0,0.3,2.0,1.2,17.7
467,Marvin Williams\willima02,PF,30,CHO,75,75,30.4,3.9,9.3,.424,1.6,4.7,.351,2.3,4.6,.499,.513,1.7,2.0,.872,1.2,5.4,6.6,1.4,0.7,0.7,0.8,1.8,11.2
468,Reggie Williams\willire02,SF,30,NOP,6,0,13.2,1.3,3.8,.348,0.8,1.8,.455,0.5,2.0,.250,.457,1.0,1.2,.857,0.3,0.7,1.0,0.7,0.5,0.0,0.0,0.3,4.5
469,Troy Williams\willitr02,SF,22,TOT,29,16,19.1,2.5,5.7,.439,0.6,2.1,.290,1.9,3.5,.529,.494,0.7,1.1,.656,0.5,1.9,2.4,0.9,0.9,0.3,1.1,2.1,6.3
470,Kyle Wiltjer\wiltjky01,PF,24,HOU,13,0,3.3,0.3,1.1,.286,0.3,1.0,.308,0.0,0.1,.000,.429,0.1,0.2,.500,0.3,0.5,0.8,0.2,0.2,0.1,0.4,0.3,1.0
471,Justise Winslow\winslju01,SF,20,MIA,18,15,34.7,4.4,12.5,.356,0.4,1.9,.200,4.1,10.6,.384,.371,1.6,2.6,.617,1.3,3.9,5.2,3.7,1.5,0.3,1.8,2.9,10.9
472,Jeff Withey\witheje01,C,26,UTA,50,1,8.5,1.1,2.0,.535,0.0,0.0,.000,1.1,2.0,.540,.535,0.7,0.9,.761,1.0,1.4,2.4,0.1,0.3,0.6,0.3,1.0,2.9
473,Christian Wood\woodch01,PF,21,CHO,12,0,7.8,0.8,1.7,.500,0.0,0.4,.000,0.8,1.3,.667,.500,0.9,1.1,.846,1.1,1.1,2.2,0.2,0.3,0.5,0.5,0.8,2.6
474,Metta World Peace\artesro01,SF,37,LAL,23,1,5.4,0.5,2.0,.244,0.2,1.1,.192,0.3,0.8,.316,.300,0.4,0.6,.643,0.2,0.5,0.7,0.4,0.2,0.1,0.3,0.7,1.6
475,Brandan Wright\wrighbr03,PF,29,MEM,27,5,16.0,3.0,4.9,.621,0.0,0.0,.000,3.0,4.9,.626,.621,0.8,1.2,.636,1.0,1.7,2.7,0.5,0.4,0.7,0.4,1.5,6.9
476,Delon Wright\wrighde01,PG,24,TOR,26,0,16.1,1.8,4.0,.438,0.3,1.0,.333,1.4,3.0,.474,.481,1.5,2.0,.784,0.5,1.2,1.8,2.2,1.0,0.4,0.9,1.2,5.4
477,James Young\youngja01,SG,21,BOS,28,0,7.8,0.9,2.0,.439,0.4,1.2,.353,0.5,0.8,.565,.544,0.2,0.3,.714,0.2,0.7,0.9,0.1,0.4,0.1,0.1,0.5,2.4
478,Joe Young\youngjo01,PG,24,IND,33,0,4.1,0.8,2.2,.361,0.2,0.7,.217,0.6,1.5,.429,.396,0.3,0.5,.733,0.0,0.5,0.5,0.5,0.1,0.0,0.2,0.2,2.1
479,Nick Young\youngni01,SG,31,LAL,60,60,25.9,4.5,10.6,.430,2.8,7.0,.404,1.7,3.5,.481,.564,1.3,1.5,.856,0.4,1.9,2.3,1.0,0.6,0.2,0.6,2.3,13.2
480,Thaddeus Young\youngth01,PF,28,IND,73,73,30.2,4.9,9.3,.527,0.6,1.6,.381,4.3,7.7,.558,.560,0.6,1.2,.524,1.8,4.3,6.0,1.7,1.5,0.4,1.3,1.8,11.0
481,Cody Zeller\zelleco01,PF,24,CHO,61,57,27.9,4.1,7.2,.573,0.0,0.0,.000,4.1,7.2,.574,.573,2.1,3.2,.675,2.2,4.4,6.5,1.6,1.0,1.0,1.1,3.0,10.4
482,Tyler Zeller\zellety01,C,27,BOS,50,5,10.3,1.5,3.1,.494,0.0,0.0,.000,1.5,3.1,.497,.494,0.4,0.7,.568,0.8,1.6,2.4,0.8,0.1,0.4,0.4,1.2,3.5
483,Stephen Zimmerman\zimmest01,C,20,ORL,18,0,5.5,0.5,1.6,.310,0.0,0.0,"",0.5,1.6,.310,.310,0.2,0.3,.600,0.6,1.3,1.9,0.2,0.1,0.2,0.1,0.8,1.2
484,Paul Zipser\zipsepa01,SF,22,CHI,43,18,19.0,1.9,4.8,.385,0.7,2.1,.304,1.2,2.7,.448,.452,0.7,0.9,.775,0.3,2.4,2.8,0.8,0.3,0.4,0.9,1.7,5.1
485,Ivica Zubac\zubaciv01,C,19,LAL,38,11,16.0,3.3,6.3,.529,0.0,0.1,.000,3.3,6.2,.536,.529,0.8,1.3,.653,1.1,3.1,4.2,0.8,0.4,0.9,0.8,1.7,7.5
