Rk,Player,Pos,Age,Tm,G,MP,PER,TS%,3PAr,FTr,ORB%,DRB%,TRB%,AST%,STL%,BLK%,TOV%,USG%, ,OWS,DWS,WS,WS/48, ,OBPM,DBPM,BPM,VORP
1,Alex Abrines\abrinal01,SG,24,OKC,8,148,5.4,.488,.639,.056,2.3,7.6,4.9,3.7,2.4,0.6,11.9,12.3,"",0.0,0.2,0.2,.062,"",-2.2,0.8,-1.4,0.0
2,Quincy Acy\acyqu01,PF,27,BRK,6,89,8.7,.761,.913,.000,2.1,21.8,11.3,1.6,1.0,0.0,28.1,14.3,"",0.0,0.0,0.0,.020,"",-1.7,-3.1,-4.7,-0.1
3,Steven Adams\adamsst01,C,24,OKC,8,247,25.2,.688,.000,.239,17.3,15.0,16.1,7.7,2.2,4.0,12.3,15.7,"",1.0,0.5,1.4,.278,"",4.3,3.6,7.9,0.6
4,Bam Adebayo\adebaba01,C,20,MIA,6,97,13.2,.511,.000,.455,14.1,19.2,16.7,0.0,1.5,1.6,7.0,13.0,"",0.1,0.1,0.3,.127,"",-3.5,-2.7,-6.2,-0.1
5,Arron Afflalo\afflaar01,SG,32,ORL,5,52,-0.7,.303,.455,.455,0.0,5.9,3.1,7.0,0.0,1.5,13.2,12.6,"",-0.1,0.0,-0.1,-0.084,"",-6.9,-1.4,-8.3,-0.1
6,Cole Aldrich\aldrico01,C,29,MIN,2,7,-1.8,.000,.000,.000,0.0,0.0,0.0,17.4,7.0,0.0,0.0,12.3,"",0.0,0.0,0.0,-0.180,"",-9.2,-1.2,-10.4,0.0
7,LaMarcus Aldridge\aldrila01,PF,32,SAS,9,306,23.7,.541,.104,.344,10.5,16.3,13.2,11.1,1.1,3.4,7.4,28.4,"",0.8,0.4,1.2,.184,"",2.6,0.1,2.8,0.4
8,Jarrett Allen\allenja01,C,19,BRK,6,90,10.9,.455,.045,.455,6.3,12.0,9.0,3.0,3.0,4.9,10.2,13.0,"",0.0,0.1,0.1,.041,"",-4.3,2.7,-1.6,0.0
9,Tony Allen\allento01,SG,36,NOP,9,111,10.0,.515,.190,.143,5.8,11.3,8.6,4.3,2.6,1.5,15.2,20.1,"",-0.1,0.1,0.0,.020,"",-4.7,-0.5,-5.2,-0.1
10,Al-Farouq Aminu\aminual01,PF,27,POR,8,241,16.0,.574,.500,.200,6.1,22.9,14.4,8.7,1.4,3.5,8.4,12.6,"",0.5,0.4,0.9,.181,"",1.4,3.1,4.5,0.4
11,Justin Anderson\anderju01,SF,24,PHI,5,60,5.2,.430,.600,.160,5.3,10.5,8.0,2.3,0.8,1.5,7.0,19.9,"",-0.1,0.0,0.0,-0.018,"",-3.9,-3.4,-7.3,-0.1
12,Kyle Anderson\anderky01,SF,24,SAS,9,235,15.8,.522,.095,.317,8.1,21.2,14.3,11.7,1.1,3.7,11.1,14.7,"",0.3,0.3,0.6,.130,"",-1.1,2.8,1.7,0.2
13,Ryan Anderson\anderry01,PF,29,HOU,10,311,14.2,.606,.814,.137,3.9,16.8,10.2,2.5,0.5,1.4,3.6,15.8,"",0.6,0.3,0.9,.144,"",1.4,-1.9,-0.5,0.1
14,Ike Anigbogu\anigbik01,C,19,IND,4,12,12.1,.515,.000,.667,18.4,0.0,9.1,0.0,4.0,6.4,34.0,20.8,"",0.0,0.0,0.0,-0.003,"",-5.7,1.5,-4.3,0.0
15,Giannis Antetokounmpo\antetgi01,PF,23,MIL,9,332,32.5,.643,.112,.364,4.4,27.7,16.1,27.7,2.2,3.5,11.8,34.1,"",1.4,0.4,1.8,.263,"",7.4,2.1,9.5,1.0
16,Carmelo Anthony\anthoca01,SF,33,OKC,8,267,18.0,.533,.375,.243,1.3,17.6,9.5,8.8,1.5,3.0,7.5,28.0,"",0.4,0.5,0.8,.151,"",-0.3,-0.2,-0.5,0.1
17,OG Anunoby\anunoog01,SF,20,TOR,8,141,12.9,.499,.545,.159,6.5,8.8,7.7,12.1,2.1,0.0,2.1,14.8,"",0.3,0.2,0.4,.139,"",2.8,0.0,2.8,0.2
18,Ryan Arcidiacono\arcidry01,PG,23,CHI,1,5,-13.6,.000,1.000,.000,0.0,0.0,0.0,28.1,0.0,0.0,0.0,17.5,"",0.0,0.0,0.0,-0.336,"",-11.9,-8.8,-20.7,0.0
19,Trevor Ariza\arizatr01,SF,32,HOU,8,281,8.8,.465,.738,.169,2.3,14.5,8.3,13.3,1.7,0.6,11.4,12.3,"",0.1,0.3,0.4,.072,"",-1.6,1.1,-0.5,0.1
20,Darrell Arthur\arthuda01,PF,29,DEN,1,12,-6.0,.000,1.000,.000,0.0,9.1,4.6,0.0,4.1,0.0,33.3,10.8,"",-0.1,0.0,-0.1,-0.227,"",-11.1,0.5,-10.5,0.0
21,D.J. Augustin\augusdj01,PG,30,ORL,8,180,17.9,.626,.419,.512,1.3,8.0,4.8,30.2,2.9,0.0,16.0,15.0,"",0.6,0.2,0.8,.211,"",2.7,-0.9,1.8,0.2
22,Luke Babbitt\babbilu01,SF,28,ATL,9,135,11.2,.645,.585,.049,0.8,13.5,7.0,2.4,0.7,0.0,10.7,15.0,"",0.2,0.0,0.2,.062,"",-1.0,-3.6,-4.5,-0.1
23,Dwayne Bacon\bacondw01,SG,22,CHO,9,222,6.3,.441,.365,.143,0.0,21.1,11.0,7.3,0.9,0.7,10.7,14.6,"",-0.2,0.3,0.1,.023,"",-4.5,1.4,-3.1,-0.1
24,Ron Baker\bakerro01,SG,24,NYK,3,48,9.1,.482,.429,1.429,0.0,4.4,2.3,29.3,4.1,0.0,34.5,15.4,"",-0.1,0.0,0.0,-0.003,"",-3.8,-1.4,-5.2,0.0
25,Lonzo Ball\balllo01,PG,20,LAL,9,295,9.0,.364,.375,.096,3.4,17.2,10.6,27.3,1.7,1.6,16.9,18.6,"",-0.5,0.4,-0.1,-0.013,"",-3.4,2.1,-1.3,0.1
26,J.J. Barea\bareajo01,PG,33,DAL,10,228,15.8,.538,.477,.128,1.8,13.8,7.4,37.9,0.9,0.4,17.2,27.1,"",0.1,0.0,0.1,.031,"",2.4,-3.1,-0.7,0.1
27,Harrison Barnes\barneha02,PF,25,DAL,10,352,13.3,.500,.296,.316,3.2,16.5,9.5,9.9,1.0,0.3,8.5,23.9,"",0.1,0.1,0.1,.020,"",-1.4,-2.4,-3.8,-0.2
28,Will Barton\bartowi01,SG,27,DEN,9,246,15.3,.525,.404,.202,3.5,15.6,9.5,14.5,2.2,0.7,11.0,22.3,"",0.2,0.3,0.5,.093,"",0.5,-0.7,-0.2,0.1
29,Jerryd Bayless\bayleje01,SG,29,PHI,9,280,10.1,.609,.592,.158,0.8,8.7,4.7,8.9,1.2,0.6,12.9,13.8,"",0.3,0.2,0.5,.082,"",0.2,-0.9,-0.7,0.1
30,Aron Baynes\baynear01,C,31,BOS,9,179,14.1,.544,.000,.386,11.0,19.6,15.3,7.8,0.8,3.7,13.4,14.7,"",0.3,0.4,0.6,.171,"",-2.3,3.3,1.0,0.1
31,Kent Bazemore\bazemke01,SG,28,ATL,9,261,13.1,.494,.300,.440,1.6,11.9,6.7,18.0,3.3,1.4,16.7,23.8,"",-0.2,0.2,0.1,.014,"",-2.5,0.2,-2.3,0.0
32,Bradley Beal\bealbr01,SG,24,WAS,8,268,23.4,.594,.299,.423,4.4,11.2,7.7,15.1,1.6,1.5,9.5,28.1,"",0.9,0.2,1.0,.184,"",4.2,-1.6,2.6,0.3
33,Malik Beasley\beaslma01,SG,21,DEN,9,70,6.1,.503,.444,.111,3.1,9.4,6.2,6.0,0.7,0.0,9.6,12.9,"",0.0,0.0,0.0,.029,"",-2.4,-2.6,-5.0,-0.1
34,Michael Beasley\beaslmi01,PF,29,NYK,7,83,8.2,.492,.133,.267,2.8,17.7,10.6,9.2,0.6,0.0,17.3,20.8,"",-0.1,0.0,0.0,-0.021,"",-4.6,-1.7,-6.3,-0.1
35,Marco Belinelli\belinma01,SG,31,ATL,9,237,14.2,.561,.560,.176,0.9,9.0,4.9,15.4,1.6,0.0,10.9,20.1,"",0.3,0.1,0.3,.067,"",1.0,-2.9,-1.9,0.0
36,Jordan Bell\belljo01,C,23,GSW,7,64,28.2,.758,.000,.045,13.5,17.3,15.6,19.0,3.7,4.9,15.1,17.8,"",0.3,0.1,0.4,.279,"",7.1,2.9,10.0,0.2
37,DeAndre' Bembry\bembrde01,SF,23,ATL,1,18,16.8,.500,.167,.000,5.8,29.8,17.6,9.1,5.3,4.9,25.0,19.2,"",0.0,0.0,0.0,.022,"",-6.0,5.3,-0.7,0.0
38,Dragan Bender\bendedr01,PF,20,PHO,9,198,7.3,.499,.696,.152,2.0,19.9,10.8,5.0,0.9,3.7,22.2,13.1,"",-0.2,0.1,-0.1,-0.020,"",-3.6,0.5,-3.1,-0.1
39,Davis Bertans\bertada01,PF,25,SAS,5,34,5.9,.338,.667,.250,0.0,23.3,11.0,12.8,1.5,2.5,7.0,18.0,"",-0.1,0.0,0.0,-0.026,"",-5.1,0.5,-4.6,0.0
40,Patrick Beverley\beverpa01,SG,29,LAC,7,213,15.4,.594,.493,.099,5.0,5.3,5.2,16.4,3.7,1.2,20.4,18.7,"",0.2,0.4,0.6,.129,"",3.0,2.8,5.8,0.4
41,Khem Birch\birchkh01,C,25,ORL,1,5,12.7,.333,.000,.000,45.0,0.0,21.5,30.0,0.0,0.0,0.0,25.8,"",0.0,0.0,0.0,.170,"",7.1,-1.7,5.5,0.0
42,Jabari Bird\birdja01,SG,23,BOS,2,16,3.2,.469,1.000,5.000,0.0,6.7,3.4,0.0,0.0,0.0,0.0,8.8,"",0.0,0.0,0.0,.076,"",-3.7,-2.2,-5.9,0.0
43,Bismack Biyombo\biyombi01,C,25,ORL,9,126,6.5,.465,.000,.607,9.8,19.6,14.9,0.0,0.7,6.1,23.7,15.8,"",-0.2,0.2,0.0,.010,"",-8.1,-0.3,-8.4,-0.2
44,Nemanja Bjelica\bjeline01,PF,29,MIN,8,121,23.0,.816,.550,.200,2.9,16.9,9.7,5.4,2.0,0.7,13.9,18.0,"",0.5,0.0,0.5,.199,"",7.0,-2.5,4.5,0.2
45,Tarik Black\blackta01,C,26,HOU,6,53,20.8,.825,.125,1.000,6.2,27.8,16.8,11.4,3.7,6.5,20.7,12.0,"",0.2,0.1,0.3,.298,"",0.5,6.6,7.1,0.1
46,Antonio Blakeney\blakean01,SG,21,CHI,1,1,86.1,1.000,.000,.000,0.0,0.0,0.0,0.0,0.0,0.0,0.0,43.9,"",0.0,0.0,0.0,1.425,"",26.9,-10.7,16.1,0.0
47,Eric Bledsoe\bledser01,PG,28,PHO,3,83,13.8,.509,.325,.350,3.6,5.0,4.3,18.2,2.2,1.8,17.8,27.8,"",0.0,0.0,0.0,-0.015,"",-1.2,-2.7,-4.0,0.0
48,Bogdan Bogdanovic\bogdabo01,SG,25,SAC,5,122,14.8,.530,.289,.111,0.8,10.3,5.3,13.8,2.9,1.6,9.6,18.9,"",0.1,0.1,0.2,.064,"",-0.8,-0.7,-1.5,0.0
49,Bojan Bogdanovic\bogdabo02,SF,28,IND,9,262,14.6,.631,.393,.258,2.1,9.5,5.8,8.1,1.3,0.0,13.1,18.5,"",0.5,0.1,0.6,.108,"",1.5,-1.8,-0.3,0.1
50,Andrew Bogut\bogutan01,C,33,LAL,6,43,8.2,.600,.000,.000,12.8,25.9,19.6,8.9,1.1,5.6,50.0,9.8,"",0.0,0.1,0.1,.056,"",-4.7,5.1,0.3,0.0
51,Devin Booker\bookede01,SG,21,PHO,9,297,21.1,.587,.344,.281,1.7,14.3,7.9,22.4,1.4,0.5,12.2,28.3,"",0.7,0.1,0.8,.127,"",4.6,-2.5,2.1,0.3
52,Trevor Booker\booketr01,PF,30,BRK,8,177,15.6,.520,.057,.414,13.4,20.7,16.8,12.4,0.8,0.4,15.3,22.0,"",0.2,0.0,0.2,.050,"",-1.5,-1.3,-2.8,0.0
53,Avery Bradley\bradlav01,SG,27,DET,9,282,13.0,.506,.302,.147,3.0,8.1,5.4,9.7,2.6,0.3,13.3,24.4,"",-0.1,0.3,0.2,.042,"",-1.4,0.2,-1.2,0.1
54,Corey Brewer\breweco01,SF,31,LAL,9,132,4.2,.410,.188,.500,1.7,10.0,6.0,7.5,1.4,1.8,20.4,7.8,"",-0.1,0.2,0.1,.020,"",-4.6,2.2,-2.4,0.0
55,Malcolm Brogdon\brogdma01,PG,25,MIL,8,265,16.4,.615,.380,.217,0.5,6.3,3.4,22.3,1.7,0.3,12.2,20.0,"",0.6,0.1,0.6,.115,"",2.7,-3.6,-0.9,0.1
56,Aaron Brooks\brookaa01,PG,33,MIN,2,7,35.1,.625,.500,.000,16.5,17.2,16.8,0.0,7.0,0.0,0.0,24.6,"",0.0,0.0,0.0,.285,"",8.7,-5.0,3.7,0.0
57,Dillon Brooks\brookdi01,SF,22,MEM,8,233,8.2,.525,.344,.246,2.4,12.3,7.4,7.1,2.2,1.2,19.1,16.4,"",-0.2,0.4,0.2,.041,"",-3.4,2.3,-1.1,0.1
58,Bobby Brown\brownbo02,PG,33,HOU,5,63,3.6,.389,.667,.000,0.0,7.2,3.5,9.8,1.5,0.0,10.0,20.8,"",-0.2,0.1,-0.1,-0.075,"",-5.6,-3.1,-8.7,-0.1
59,Jaylen Brown\brownja02,SF,21,BOS,9,288,14.6,.556,.393,.402,3.4,18.5,11.0,4.6,1.4,0.6,8.0,21.0,"",0.4,0.6,0.9,.151,"",-0.8,0.0,-0.8,0.1
60,Sterling Brown\brownst02,SG,22,MIL,3,16,9.6,.500,.400,.000,0.0,14.9,7.5,18.1,3.1,0.0,16.7,17.3,"",0.0,0.0,0.0,.013,"",-2.5,-1.3,-3.8,0.0
61,Nicolas Brussino\brussni01,SF,24,ATL,3,10,-4.6,.000,1.000,.000,0.0,32.2,15.8,0.0,0.0,0.0,0.0,8.7,"",0.0,0.0,0.0,-0.188,"",-13.2,-5.0,-18.2,0.0
62,Reggie Bullock\bullore01,SF,26,DET,4,41,5.0,.230,.700,.200,0.0,11.8,5.5,12.2,4.8,2.2,15.5,13.6,"",-0.1,0.1,-0.1,-0.069,"",-6.1,4.5,-1.6,0.0
63,Alec Burks\burksal01,SG,26,UTA,8,104,11.6,.541,.342,.158,0.0,16.2,8.3,6.5,2.4,1.7,14.7,21.0,"",-0.1,0.2,0.1,.064,"",-3.6,0.8,-2.8,0.0
64,Jimmy Butler\butleji01,SG,28,MIN,6,224,15.4,.533,.179,.369,1.5,15.0,8.1,16.4,2.6,0.0,13.3,21.6,"",0.2,0.1,0.3,.060,"",0.9,-0.9,0.0,0.1
65,Bruno Caboclo\cabocbr01,SF,22,TOR,2,7,-0.1,.000,1.000,.000,0.0,16.0,8.1,17.3,6.9,0.0,0.0,12.4,"",0.0,0.0,0.0,-0.113,"",-5.5,4.8,-0.7,0.0
66,Jose Calderon\caldejo01,PG,36,CLE,6,37,2.8,.500,.286,.000,0.0,9.0,4.6,14.7,0.0,0.0,36.4,13.1,"",-0.1,0.0,-0.1,-0.121,"",-6.5,-3.9,-10.4,-0.1
67,Kentavious Caldwell-Pope\caldwke01,SG,24,LAL,7,224,10.2,.520,.439,.242,1.0,14.0,7.8,11.0,2.1,0.4,14.1,16.0,"",0.0,0.3,0.3,.065,"",-1.2,1.1,-0.2,0.1
68,Isaiah Canaan\canaais01,SG,26,HOU,1,4,-7.3,.000,.000,.000,0.0,28.4,13.9,0.0,0.0,0.0,0.0,10.9,"",0.0,0.0,0.0,-0.228,"",-17.2,-3.7,-20.9,0.0
69,Clint Capela\capelca01,C,23,HOU,10,243,29.5,.711,.012,.238,14.4,36.0,25.0,8.5,1.8,5.0,10.6,18.7,"",1.1,0.5,1.6,.317,"",2.4,3.4,5.8,0.5
70,DeMarre Carroll\carrode01,SF,31,BRK,8,231,17.4,.560,.451,.427,3.7,19.6,11.1,8.9,2.9,1.6,6.7,18.0,"",0.4,0.2,0.6,.129,"",1.1,0.6,1.7,0.2
71,Vince Carter\cartevi01,SF,41,SAC,7,75,0.1,.342,.708,.083,0.0,12.2,5.8,7.6,1.3,1.3,13.9,17.0,"",-0.2,0.0,-0.2,-0.130,"",-6.5,-2.3,-8.8,-0.1
72,Alex Caruso\carusal01,PG,23,LAL,2,19,4.9,.500,.000,.000,0.0,10.7,5.6,26.3,0.0,0.0,50.0,8.9,"",0.0,0.0,0.0,-0.019,"",-6.8,-1.9,-8.8,0.0
73,Omri Casspi\casspom01,SF,29,GSW,6,42,24.3,.818,.125,1.375,8.8,19.1,14.5,5.9,1.1,3.7,13.5,15.2,"",0.2,0.0,0.2,.284,"",4.2,-1.3,2.9,0.1
74,Willie Cauley-Stein\caulewi01,C,24,SAC,8,209,15.9,.535,.035,.263,7.4,21.3,14.0,11.4,1.5,3.3,11.2,15.2,"",0.3,0.2,0.4,.093,"",-1.6,1.5,-0.1,0.1
75,Mario Chalmers\chalmma01,PG,31,MEM,8,185,7.9,.416,.419,.371,0.6,8.9,4.8,23.3,3.0,1.0,14.3,20.7,"",-0.2,0.3,0.1,.018,"",-3.6,1.2,-2.5,0.0
76,Tyson Chandler\chandty01,C,35,PHO,9,228,13.2,.627,.000,.426,11.9,24.5,18.1,3.3,0.6,1.9,20.1,12.6,"",0.3,0.1,0.4,.090,"",-1.4,-0.8,-2.3,0.0
77,Wilson Chandler\chandwi01,SF,30,DEN,9,277,10.0,.509,.313,.194,4.7,9.1,6.9,12.9,1.1,1.3,14.2,13.2,"",0.2,0.2,0.4,.066,"",-1.0,-0.2,-1.2,0.1
78,Marquese Chriss\chrisma01,PF,20,PHO,9,180,11.7,.524,.389,.259,3.4,21.3,12.2,10.0,1.8,4.5,16.6,16.5,"",0.0,0.2,0.2,.047,"",-2.0,1.8,-0.3,0.1
79,Ian Clark\clarkia01,SG,26,NOP,9,179,10.8,.552,.537,.130,0.6,10.5,5.6,16.2,1.1,0.0,9.5,14.9,"",0.2,0.1,0.3,.087,"",-1.1,-1.9,-3.0,0.0
80,Jordan Clarkson\clarkjo01,SG,25,LAL,9,184,21.0,.581,.255,.236,1.8,8.8,5.4,25.9,1.3,0.0,12.7,30.7,"",0.3,0.2,0.5,.132,"",3.2,-2.7,0.5,0.1
81,Gian Clavell\clavegi01,SG,24,DAL,5,46,8.4,.500,.833,.000,2.2,15.2,8.3,10.3,2.2,0.0,7.7,12.6,"",0.0,0.0,0.0,.044,"",-0.8,-1.2,-2.0,0.0
82,John Collins\collijo01,PF,20,ATL,9,183,21.4,.547,.014,.392,17.0,23.4,20.2,5.7,1.3,5.4,10.3,22.9,"",0.4,0.2,0.6,.159,"",-1.0,0.2,-0.8,0.1
83,Zach Collins\colliza01,C,20,POR,3,25,-13.5,.000,.286,.000,8.4,4.3,6.4,5.1,0.0,0.0,12.5,13.6,"",-0.1,0.0,-0.1,-0.247,"",-10.8,-1.6,-12.4,-0.1
84,Darren Collison\collida01,PG,30,IND,9,284,18.7,.598,.337,.291,1.9,8.4,5.2,30.2,1.8,0.3,12.6,16.6,"",0.9,0.2,1.1,.178,"",3.0,-1.7,1.3,0.2
85,Nick Collison\collini01,PF,37,OKC,1,5,6.9,"","","",0.0,0.0,0.0,24.2,0.0,0.0,"",0.0,"",0.0,0.0,0.0,.113,"",-6.4,-5.4,-11.8,0.0
86,Mike Conley\conlemi01,PG,30,MEM,7,217,17.6,.521,.484,.505,0.0,10.7,5.4,24.6,1.4,0.4,6.4,26.1,"",0.4,0.3,0.7,.153,"",2.4,-1.2,1.2,0.2
87,Pat Connaughton\connapa01,SG,25,POR,9,192,10.6,.628,.667,.140,0.0,11.9,5.9,6.5,0.0,0.0,11.7,15.2,"",0.3,0.1,0.5,.113,"",1.0,-2.2,-1.2,0.0
88,Quinn Cook\cookqu01,PG,24,GSW,1,1,62.1,1.000,.000,.000,0.0,0.0,0.0,0.0,0.0,0.0,0.0,43.1,"",0.0,0.0,0.0,1.312,"",22.7,-13.9,8.7,0.0
89,Charles Cooke\cookech01,SG,23,NOP,1,3,4.1,.250,.500,.000,0.0,0.0,0.0,0.0,15.8,0.0,0.0,56.6,"",0.0,0.0,0.0,-0.445,"",-14.6,-3.0,-17.5,0.0
90,DeMarcus Cousins\couside01,C,27,NOP,9,340,27.8,.609,.361,.433,6.6,32.3,19.6,28.3,2.5,4.5,18.3,32.7,"",0.8,0.7,1.5,.212,"",4.5,4.8,9.3,1.0
91,Robert Covington\covinro01,SF,27,PHI,9,277,16.6,.644,.631,.107,3.9,13.3,8.6,7.5,2.4,2.3,12.2,18.4,"",0.5,0.3,0.8,.146,"",3.0,0.7,3.7,0.4
92,Allen Crabbe\crabbal01,SG,25,BRK,9,231,12.6,.569,.646,.354,1.2,14.0,7.2,6.8,0.8,1.0,9.0,17.3,"",0.3,0.0,0.3,.067,"",0.1,-2.3,-2.2,0.0
93,Jamal Crawford\crawfja01,SG,37,MIN,8,164,16.7,.568,.455,.303,0.7,5.9,3.2,22.1,2.1,0.5,13.8,22.8,"",0.3,0.0,0.3,.090,"",3.2,-4.0,-0.8,0.0
94,Jordan Crawford\crawfjo02,SG,29,NOP,2,37,16.5,.643,.357,.000,5.8,2.8,4.3,38.6,0.0,2.3,22.2,20.6,"",0.1,0.0,0.1,.140,"",1.0,-4.6,-3.6,0.0
95,Jae Crowder\crowdja01,SF,27,CLE,9,239,10.3,.533,.540,.333,2.9,13.0,8.1,4.7,1.8,0.4,10.0,14.8,"",0.2,0.0,0.2,.031,"",-0.6,-2.0,-2.6,0.0
96,Dante Cunningham\cunnida01,SF,30,NOP,9,244,4.7,.369,.615,.212,5.3,11.1,8.2,2.7,1.4,1.4,3.4,10.2,"",-0.1,0.2,0.1,.014,"",-4.0,0.3,-3.7,-0.1
97,Stephen Curry\curryst01,PG,29,GSW,9,297,30.6,.690,.584,.436,2.5,12.9,8.2,27.5,2.6,0.5,11.5,29.1,"",1.8,0.2,2.0,.325,"",11.2,-2.6,8.6,0.8
98,Troy Daniels\danietr01,SG,26,PHO,9,136,6.7,.610,.806,.056,0.7,5.3,3.0,3.3,0.3,0.0,14.0,12.9,"",0.1,-0.1,0.0,.009,"",-0.1,-3.9,-4.1,-0.1
99,Anthony Davis\davisan02,PF,24,NOP,8,286,30.5,.623,.154,.531,9.7,26.3,18.1,13.9,1.8,4.7,10.2,29.1,"",1.2,0.5,1.7,.279,"",3.6,2.1,5.8,0.6
100,Deyonta Davis\davisde01,C,21,MEM,1,3,29.2,.500,.000,.000,0.0,73.6,37.3,85.3,0.0,0.0,0.0,30.4,"",0.0,0.0,0.0,.379,"",11.1,11.1,22.2,0.0
101,Ed Davis\davised01,PF,28,POR,9,171,20.1,.547,.000,.511,19.8,29.2,24.4,4.5,1.2,3.9,10.8,16.1,"",0.5,0.3,0.8,.222,"",0.2,1.5,1.7,0.2
102,Dewayne Dedmon\dedmode01,C,28,ATL,9,216,12.9,.556,.186,.186,5.8,27.8,16.6,6.5,0.7,3.3,13.5,14.8,"",0.2,0.2,0.4,.079,"",-3.4,0.6,-2.8,0.0
103,Sam Dekker\dekkesa01,SF,23,LAC,6,42,8.3,.504,.429,.143,5.1,12.2,8.7,10.7,0.0,0.0,16.8,18.3,"",0.0,0.0,0.0,.033,"",-1.8,-1.1,-3.0,0.0
104,Malcolm Delaney\delanma01,PG,28,ATL,8,160,8.3,.450,.318,.250,1.3,8.7,4.9,18.4,1.8,0.6,14.1,15.4,"",-0.1,0.1,0.0,-0.004,"",-3.6,-1.6,-5.2,-0.1
105,Matthew Dellavedova\dellama01,PG,27,MIL,9,196,6.1,.506,.442,.233,1.9,11.0,6.4,20.8,0.3,0.0,26.4,15.1,"",-0.1,0.0,-0.1,-0.026,"",-3.1,-3.2,-6.2,-0.2
106,Luol Deng\denglu01,SF,32,LAL,1,13,5.7,.500,.000,.000,0.0,0.0,0.0,9.9,3.6,0.0,33.3,9.7,"",0.0,0.0,0.0,-0.005,"",-6.0,-0.5,-6.6,0.0
107,DeMar DeRozan\derozde01,SG,28,TOR,8,270,21.6,.583,.123,.562,2.6,9.6,6.1,19.3,2.5,0.3,14.7,30.5,"",0.6,0.3,0.9,.161,"",2.1,-0.4,1.6,0.2
108,Cheick Diallo\diallch01,PF,21,NOP,6,46,5.6,.463,.000,.182,9.3,27.3,18.4,3.1,0.0,1.8,20.2,13.7,"",0.0,0.0,0.0,.009,"",-8.1,-1.2,-9.4,-0.1
109,Gorgui Dieng\dienggo01,C,28,MIN,8,121,16.4,.579,.216,.378,14.3,18.9,16.5,10.0,1.2,0.7,14.0,17.8,"",0.3,0.0,0.3,.115,"",3.2,-1.7,1.5,0.1
110,Spencer Dinwiddie\dinwisp01,PG,24,BRK,9,199,20.2,.586,.438,.356,3.3,10.3,6.6,34.9,2.5,0.0,12.4,19.3,"",0.6,0.1,0.7,.170,"",4.0,-2.1,2.0,0.2
111,Tyler Dorsey\dorsety01,SG,21,ATL,5,27,1.6,.506,.778,.222,0.0,11.9,5.9,5.5,0.0,0.0,28.8,22.3,"",-0.1,0.0,-0.1,-0.160,"",-7.3,-4.9,-12.2,-0.1
112,Damyean Dotson\dotsoda01,SG,23,NYK,5,37,9.3,.393,.364,.091,6.2,22.7,14.9,11.3,0.0,0.0,0.0,13.1,"",0.0,0.0,0.0,.053,"",-2.0,-1.2,-3.1,0.0
113,Goran Dragic\dragigo01,PG,31,MIA,8,277,19.9,.583,.291,.213,2.5,10.3,6.4,23.2,1.2,0.3,10.3,24.8,"",0.7,0.2,0.9,.155,"",3.4,-1.6,1.8,0.3
114,Andre Drummond\drumman01,C,24,DET,9,290,24.6,.580,.000,.396,16.7,34.1,24.8,11.6,3.1,3.1,15.8,19.0,"",0.8,0.6,1.4,.232,"",1.6,5.6,7.2,0.7
115,Jared Dudley\dudleja01,PF,32,PHO,1,5,-17.8,.000,1.000,.000,0.0,0.0,0.0,0.0,0.0,0.0,50.0,16.4,"",0.0,0.0,-0.1,-0.495,"",-15.9,-3.6,-19.5,0.0
116,Kris Dunn\dunnkr01,PG,23,CHI,3,76,4.9,.443,.242,.061,2.7,14.8,8.8,24.4,2.0,3.4,27.7,27.0,"",-0.3,0.1,-0.2,-0.122,"",-7.4,2.6,-4.7,-0.1
117,Kevin Durant\duranke01,SF,29,GSW,9,326,23.9,.651,.355,.284,2.7,19.4,11.9,19.2,0.6,5.3,15.5,27.3,"",1.0,0.2,1.2,.179,"",3.9,-0.1,3.8,0.5
118,Henry Ellenson\ellenhe01,PF,21,DET,5,63,9.7,.477,.484,.032,1.7,26.8,13.4,7.3,1.6,0.0,13.7,25.1,"",-0.1,0.1,0.0,-0.007,"",-4.3,-1.2,-5.5,-0.1
119,Wayne Ellington\ellinwa01,SG,30,MIA,8,113,9.3,.473,.854,.073,1.0,10.6,5.9,12.6,1.7,0.0,8.6,18.1,"",0.0,0.1,0.1,.035,"",-0.2,-1.8,-2.0,0.0
120,Joel Embiid\embiijo01,C,23,PHI,8,221,23.3,.588,.207,.347,5.8,32.9,19.4,23.2,2.3,4.5,20.1,32.8,"",0.2,0.4,0.6,.129,"",0.3,3.9,4.2,0.3
121,James Ennis\ennisja01,SF,27,MEM,8,233,14.3,.649,.306,.408,5.3,13.3,9.4,9.8,1.3,0.0,10.8,12.7,"",0.6,0.3,0.9,.180,"",1.1,1.4,2.5,0.3
122,Tyler Ennis\ennisty01,PG,23,LAL,7,40,10.9,.418,.200,.267,2.8,10.1,6.6,24.0,2.3,0.0,10.7,19.8,"",0.0,0.1,0.0,.042,"",-2.9,-0.8,-3.6,0.0
123,Jawun Evans\evansja01,PG,"",LAC,2,14,8.7,.500,.111,.000,0.0,14.6,7.5,13.6,0.0,0.0,18.2,33.7,"",0.0,0.0,0.0,-0.087,"",-6.6,-3.0,-9.6,0.0
124,Tyreke Evans\evansty01,SG,28,MEM,8,203,22.3,.579,.350,.180,5.6,20.1,12.9,20.0,1.7,0.0,9.2,26.7,"",0.5,0.3,0.8,.198,"",3.9,0.6,4.5,0.3
125,Kenneth Faried\farieke01,PF,28,DEN,8,79,20.8,.737,.000,.556,12.4,15.3,13.8,5.7,1.2,1.1,11.8,13.9,"",0.3,0.1,0.4,.222,"",2.4,-1.2,1.2,0.1
126,Derrick Favors\favorde01,PF,26,UTA,9,247,14.3,.554,.118,.165,6.1,15.5,10.9,10.1,1.2,1.1,13.3,19.5,"",0.2,0.4,0.5,.103,"",-1.4,0.9,-0.5,0.1
127,Kay Felder\feldeka01,PG,22,CHI,6,65,4.0,.378,.206,.118,0.0,6.3,3.2,42.6,1.5,0.0,20.1,30.2,"",-0.3,0.1,-0.2,-0.151,"",-6.9,-3.4,-10.2,-0.1
128,Cristiano Felicio\feliccr01,C,25,CHI,7,118,7.0,.483,.000,.190,12.2,17.4,14.8,8.1,0.0,1.5,28.3,11.8,"",-0.1,0.1,0.1,.025,"",-5.2,1.7,-3.5,0.0
129,Raymond Felton\feltora01,PG,33,OKC,8,141,19.0,.628,.422,.222,0.8,9.5,5.2,22.2,3.2,0.6,10.8,17.0,"",0.4,0.2,0.7,.225,"",2.7,0.4,3.1,0.2
130,Terrance Ferguson\fergute01,SG,19,OKC,7,34,-3.4,.286,.429,.000,3.3,3.3,3.3,0.0,1.5,2.7,12.5,10.2,"",-0.1,0.0,0.0,-0.044,"",-7.1,0.5,-6.6,0.0
131,Yogi Ferrell\ferreyo01,SG,24,DAL,10,289,13.0,.584,.494,.370,1.1,9.7,5.1,12.5,2.1,0.7,12.1,16.5,"",0.4,0.1,0.5,.081,"",0.7,-1.0,-0.3,0.1
132,Dorian Finney-Smith\finnedo01,PF,24,DAL,5,59,7.8,.673,.727,.182,7.0,5.9,6.5,8.2,0.0,0.0,25.2,12.0,"",0.1,0.0,0.0,.024,"",-0.4,-3.2,-3.6,0.0
133,Bryn Forbes\forbebr01,SG,24,SAS,9,99,17.2,.583,.410,.128,4.1,5.7,4.8,12.1,1.0,0.9,2.4,18.3,"",0.3,0.1,0.4,.171,"",3.0,-2.5,0.5,0.1
134,Evan Fournier\fournev01,SF,25,ORL,9,303,23.1,.675,.358,.201,3.0,11.9,7.6,17.4,1.9,0.5,12.1,23.5,"",1.1,0.4,1.4,.226,"",5.9,-0.5,5.4,0.6
135,De'Aaron Fox\foxde01,PG,20,SAC,8,216,14.3,.450,.087,.154,3.4,13.7,8.3,33.1,1.4,0.0,11.9,25.8,"",-0.1,0.0,0.0,-0.001,"",-1.1,-2.2,-3.3,-0.1
136,Tim Frazier\fraziti01,PG,27,WAS,8,107,11.3,.403,.478,.304,3.0,9.7,6.3,39.3,4.0,0.0,29.7,14.6,"",0.0,0.1,0.1,.044,"",-2.4,-0.6,-2.9,0.0
137,Channing Frye\fryech01,C,34,CLE,8,52,14.4,.628,.588,.176,2.2,15.0,8.8,5.8,0.9,0.0,5.2,16.4,"",0.1,0.0,0.1,.108,"",1.6,-4.4,-2.8,0.0
138,Markelle Fultz\fultzma01,SG,19,PHI,4,76,3.9,.372,.000,.444,4.2,8.3,6.3,12.6,1.2,1.2,15.7,20.9,"",-0.2,0.0,-0.1,-0.090,"",-8.1,-1.2,-9.3,-0.1
139,Danilo Gallinari\gallida01,SF,29,LAC,7,239,11.4,.489,.478,.228,0.4,15.0,7.9,12.4,1.2,0.3,9.0,20.0,"",0.1,0.3,0.4,.090,"",-0.3,0.6,0.4,0.1
140,Langston Galloway\gallola01,SG,26,DET,8,114,18.8,.735,.692,.026,0.0,13.8,6.4,5.4,1.7,0.8,11.3,16.9,"",0.3,0.1,0.4,.179,"",3.5,-0.4,3.1,0.1
141,Marc Gasol\gasolma01,C,33,MEM,8,275,20.9,.584,.316,.436,3.3,27.7,15.7,15.2,1.1,5.2,15.7,27.4,"",0.3,0.6,0.9,.163,"",-0.1,3.9,3.8,0.4
142,Pau Gasol\gasolpa01,C,37,SAS,9,223,19.4,.546,.200,.314,7.7,28.4,17.4,22.2,0.4,5.4,15.8,18.2,"",0.3,0.4,0.7,.145,"",0.0,3.8,3.8,0.3
143,Rudy Gay\gayru01,SF,31,SAS,9,209,19.9,.560,.225,.326,5.8,17.9,11.5,14.1,2.4,2.9,12.8,23.9,"",0.3,0.3,0.6,.149,"",1.2,1.7,2.9,0.3
144,Paul George\georgpa01,SF,27,OKC,8,268,17.8,.552,.449,.145,2.1,15.0,8.6,9.9,3.3,1.3,12.0,27.0,"",0.2,0.5,0.8,.141,"",0.9,0.8,1.7,0.2
145,Marcus Georges-Hunt\georgma01,SG,23,MIN,3,7,-13.5,.000,.000,.000,0.0,0.0,0.0,0.0,0.0,0.0,50.0,12.3,"",-0.1,0.0,-0.1,-0.387,"",-13.4,-2.4,-15.8,0.0
146,Taj Gibson\gibsota01,PF,32,MIN,8,235,13.0,.584,.107,.054,8.4,17.4,12.8,8.0,1.9,1.7,18.5,12.9,"",0.2,0.1,0.3,.061,"",1.2,0.9,2.1,0.2
147,Manu Ginobili\ginobma01,SG,40,SAS,8,167,7.4,.421,.406,.344,0.6,10.8,5.4,17.3,2.1,1.0,14.0,22.0,"",-0.2,0.2,0.0,-0.013,"",-3.7,-0.7,-4.4,-0.1
148,Rudy Gobert\goberru01,C,25,UTA,9,310,21.0,.689,.000,.575,9.4,25.1,17.4,7.1,0.8,7.1,19.4,16.8,"",0.7,0.7,1.4,.212,"",-0.2,5.0,4.8,0.5
149,Aaron Gordon\gordoaa01,PF,22,ORL,7,215,23.4,.661,.337,.250,5.8,23.0,14.8,11.8,1.5,2.1,11.3,23.0,"",0.7,0.3,1.0,.227,"",4.1,0.8,4.9,0.4
150,Eric Gordon\gordoer01,SG,29,HOU,9,296,19.4,.584,.647,.359,0.4,7.3,3.8,18.9,1.0,0.9,11.3,30.1,"",0.7,0.2,0.9,.146,"",3.4,-3.7,-0.3,0.1
151,Marcin Gortat\gortama01,C,33,WAS,8,247,17.0,.616,.000,.348,8.3,26.7,17.2,7.8,0.8,3.0,13.1,15.6,"",0.5,0.2,0.7,.142,"",-0.4,1.5,1.1,0.2
152,Treveon Graham\grahatr01,SG,24,CHO,8,163,7.2,.444,.333,.200,5.2,9.0,7.2,12.9,1.5,0.0,13.3,10.0,"",0.1,0.2,0.2,.069,"",-1.6,1.5,-0.1,0.1
153,Jerami Grant\grantje01,SF,23,OKC,8,180,15.7,.598,.311,.556,5.0,12.4,8.7,5.5,2.2,4.5,12.5,15.4,"",0.3,0.3,0.6,.172,"",-0.4,3.0,2.6,0.2
154,Jerian Grant\grantje02,PG,25,CHI,7,197,12.9,.440,.339,.446,2.6,11.4,7.0,38.5,1.5,0.4,15.2,17.6,"",0.1,0.2,0.3,.085,"",-1.4,-0.2,-1.7,0.0
155,Danny Green\greenda02,SG,30,SAS,9,267,10.7,.500,.448,.080,1.9,13.6,7.4,9.3,1.9,3.6,15.9,17.2,"",-0.2,0.4,0.2,.038,"",-2.3,2.1,-0.2,0.1
156,Draymond Green\greendr01,PF,27,GSW,9,274,14.1,.581,.450,.400,5.0,22.0,14.4,28.4,1.6,2.3,31.9,16.3,"",0.3,0.2,0.6,.097,"",0.8,1.0,1.8,0.3
157,JaMychal Green\greenja01,PF,27,MEM,1,4,18.8,.500,.000,.000,0.0,27.6,14.0,52.7,0.0,0.0,0.0,22.8,"",0.0,0.0,0.0,.224,"",2.8,0.5,3.3,0.0
158,Jeff Green\greenje02,PF,31,CLE,9,180,15.9,.597,.286,.508,1.9,9.9,6.0,12.1,1.6,1.0,12.5,21.6,"",0.3,0.0,0.3,.087,"",0.4,-3.0,-2.6,0.0
159,Blake Griffin\griffbl01,PF,28,LAC,7,235,24.4,.607,.339,.477,4.1,20.9,12.7,23.9,1.3,0.7,13.2,27.7,"",0.8,0.4,1.2,.239,"",5.8,1.6,7.4,0.6
160,Tim Hardaway\hardati02,SG,25,NYK,8,266,13.2,.527,.607,.232,2.2,7.9,5.2,13.6,1.5,0.0,10.2,22.0,"",0.3,0.1,0.4,.079,"",2.5,-2.1,0.4,0.2
161,James Harden\hardeja01,SG,28,HOU,10,356,24.5,.578,.533,.377,2.5,12.1,7.2,49.4,2.0,1.0,17.4,34.5,"",1.0,0.4,1.5,.199,"",7.1,-0.5,6.5,0.8
162,Maurice Harkless\harklma01,SF,24,POR,9,261,9.4,.492,.339,.258,4.0,12.0,8.0,4.5,1.5,2.9,10.4,12.6,"",0.1,0.4,0.5,.090,"",-1.5,2.1,0.6,0.2
163,Montrezl Harrell\harremo01,C,24,LAC,4,30,28.7,.660,.000,.167,10.7,23.9,17.4,18.3,0.0,8.3,13.4,21.3,"",0.1,0.1,0.2,.262,"",2.9,5.2,8.1,0.1
164,Devin Harris\harride01,PG,34,DAL,6,108,15.5,.558,.450,.525,1.9,10.8,6.1,19.3,0.9,0.9,7.5,21.9,"",0.3,0.0,0.3,.122,"",1.9,-3.3,-1.4,0.0
165,Gary Harris\harriga01,SG,23,DEN,9,294,14.6,.629,.495,.072,1.1,6.3,3.7,12.4,2.2,1.2,14.5,17.2,"",0.4,0.2,0.7,.111,"",2.0,-1.0,1.0,0.2
166,Joe Harris\harrijo01,SG,26,BRK,8,163,13.1,.597,.643,.071,2.3,7.9,5.0,7.3,1.1,0.5,3.3,14.6,"",0.3,0.0,0.3,.092,"",1.8,-2.6,-0.8,0.0
167,Tobias Harris\harrito02,PF,25,DET,9,296,19.2,.572,.362,.087,3.6,11.0,7.0,7.8,0.8,0.6,3.1,23.4,"",0.8,0.2,1.0,.167,"",3.3,-1.6,1.7,0.3
168,Andrew Harrison\harrian01,PG,23,MEM,8,147,6.5,.454,.442,.233,1.5,6.8,4.2,9.8,1.7,1.3,14.4,17.2,"",-0.2,0.2,0.0,.010,"",-4.2,0.6,-3.6,-0.1
169,Josh Hart\hartjo01,SG,22,LAL,8,111,10.5,.548,.409,.273,2.0,15.5,9.0,2.4,2.9,2.2,10.9,10.5,"",0.0,0.2,0.2,.102,"",-2.3,2.5,0.1,0.1
170,Gordon Hayward\haywago01,SF,27,BOS,1,5,7.6,.500,.500,.000,0.0,21.3,10.8,0.0,0.0,0.0,0.0,17.7,"",0.0,0.0,0.0,.088,"",-5.3,-5.1,-10.5,0.0
171,John Henson\hensojo01,C,27,MIL,9,184,11.8,.526,.032,.516,7.9,30.5,19.3,10.4,1.1,6.8,25.5,12.8,"",0.0,0.2,0.2,.061,"",-4.0,4.1,0.0,0.1
172,Juan Hernangomez\hernaju01,PF,22,DEN,2,13,-3.2,.000,1.000,.000,0.0,0.0,0.0,0.0,0.0,0.0,0.0,3.3,"",0.0,0.0,0.0,-0.086,"",-6.4,-1.5,-7.9,0.0
173,Willy Hernangomez\hernawi01,C,23,NYK,5,48,14.6,.613,.000,.625,9.6,8.8,9.2,3.5,4.1,4.0,28.2,25.2,"",-0.1,0.1,0.0,-0.012,"",-3.3,2.1,-1.1,0.0
174,Mario Hezonja\hezonma01,SF,22,ORL,8,92,11.1,.625,.464,.000,4.9,14.6,9.9,9.1,1.5,0.0,22.2,16.8,"",0.0,0.1,0.1,.071,"",-0.6,-0.6,-1.2,0.0
175,Buddy Hield\hieldbu01,SG,24,SAC,8,192,11.0,.459,.376,.097,3.8,14.2,8.8,11.7,2.6,0.0,12.6,25.6,"",-0.3,0.1,-0.2,-0.038,"",-2.3,-2.2,-4.5,-0.1
176,Nene Hilario\hilarne01,C,35,HOU,7,99,18.3,.670,.059,.471,5.5,17.2,11.3,9.2,1.5,1.7,16.3,21.6,"",0.2,0.1,0.4,.170,"",-1.1,-0.2,-1.3,0.0
177,George Hill\hillge01,PG,31,SAC,7,193,10.0,.542,.211,.193,1.6,10.0,5.6,15.5,1.3,0.0,20.6,17.8,"",-0.1,0.0,0.0,-0.012,"",-2.9,-2.2,-5.2,-0.2
178,Jrue Holiday\holidjr01,PG,27,NOP,9,335,12.3,.498,.303,.126,2.2,12.8,7.6,25.2,1.8,0.8,16.6,19.1,"",0.1,0.3,0.4,.056,"",-2.1,0.2,-1.9,0.0
179,Justin Holiday\holidju01,SG,28,CHI,7,243,10.7,.470,.581,.190,2.5,12.2,7.4,8.0,1.4,0.7,8.1,22.3,"",-0.1,0.3,0.2,.034,"",-1.3,-0.5,-1.8,0.0
180,Rondae Hollis-Jefferson\holliro01,SF,23,BRK,9,246,20.2,.622,.078,.589,4.6,15.3,9.6,8.2,1.8,3.0,12.4,20.9,"",0.6,0.1,0.8,.147,"",0.0,0.2,0.2,0.1
181,Richaun Holmes\holmeri01,F-C,24,PHI,1,10,26.5,.429,.143,.000,42.7,10.5,26.5,18.2,0.0,0.0,0.0,29.1,"",0.0,0.0,0.0,.186,"",7.9,-3.6,4.3,0.0
182,Rodney Hood\hoodro01,SG,25,UTA,7,189,12.1,.530,.440,.154,0.0,8.9,4.5,11.4,0.8,0.5,11.8,26.7,"",0.0,0.2,0.2,.046,"",-1.5,-2.6,-4.1,-0.1
183,Al Horford\horfoal01,C,31,BOS,9,289,20.8,.649,.326,.239,4.9,25.0,15.1,22.7,1.2,2.0,17.1,18.8,"",0.8,0.6,1.4,.232,"",2.4,3.6,6.0,0.6
184,Dwight Howard\howardw01,C,32,CHO,9,278,15.7,.522,.000,.978,14.6,31.3,23.3,6.5,0.5,3.6,21.6,25.2,"",-0.2,0.5,0.3,.058,"",-4.7,1.8,-2.9,-0.1
185,Josh Huestis\huestjo01,PF,26,OKC,7,82,2.4,.306,.722,.000,4.1,16.4,10.3,4.7,1.2,5.5,18.2,11.6,"",-0.2,0.2,0.0,-0.014,"",-6.4,3.4,-3.0,0.0
186,Serge Ibaka\ibakase01,PF,28,TOR,7,181,16.5,.639,.536,.203,2.5,18.0,10.4,2.6,0.0,3.2,8.5,19.6,"",0.4,0.2,0.6,.156,"",1.9,-1.4,0.6,0.1
187,Andre Iguodala\iguodan01,SF,34,GSW,8,210,10.7,.464,.429,.314,3.5,9.6,6.9,17.2,1.1,1.5,7.0,8.8,"",0.4,0.0,0.4,.086,"",1.1,-1.2,-0.1,0.1
188,Ersan Ilyasova\ilyaser01,PF,30,ATL,4,97,6.4,.358,.483,.138,5.4,18.8,12.0,4.4,3.0,0.9,3.1,14.2,"",-0.1,0.1,0.0,.002,"",-4.3,0.1,-4.2,-0.1
189,Joe Ingles\inglejo01,SF,30,UTA,9,274,14.9,.610,.653,.013,1.3,16.4,9.0,19.4,3.3,1.0,19.3,15.6,"",0.3,0.6,0.8,.142,"",1.5,3.1,4.6,0.5
190,Brandon Ingram\ingrabr01,SF,20,LAL,9,290,12.3,.513,.159,.336,1.5,12.6,7.3,13.2,2.1,1.7,15.1,22.2,"",-0.1,0.4,0.3,.046,"",-2.5,1.2,-1.3,0.1
191,Kyrie Irving\irvinky01,PG,25,BOS,9,304,23.8,.549,.357,.179,2.2,8.8,5.5,32.2,3.8,1.1,9.9,29.3,"",0.8,0.7,1.5,.233,"",5.0,1.7,6.7,0.7
192,Jonathan Isaac\isaacjo01,PF,20,ORL,8,150,12.3,.566,.289,.211,6.0,18.6,12.6,6.3,1.9,3.6,16.2,14.2,"",0.1,0.3,0.4,.117,"",-1.5,2.6,1.2,0.1
193,Wesley Iwundu\iwundwe01,SF,23,ORL,3,20,2.5,.394,.000,.250,5.6,20.6,13.4,7.0,2.3,0.0,25.3,25.5,"",-0.1,0.0,-0.1,-0.153,"",-11.2,-0.5,-11.8,0.0
194,Jarrett Jack\jackja01,PG,34,NYK,6,159,7.8,.335,.135,.108,0.7,15.2,8.3,30.0,1.2,0.6,17.1,12.5,"",-0.1,0.1,0.0,.006,"",-3.8,0.3,-3.6,-0.1
195,Demetrius Jackson\jacksde01,PG,23,HOU,7,50,-1.4,.273,.545,.000,8.8,13.6,11.1,11.2,3.9,1.7,47.6,18.4,"",-0.3,0.1,-0.2,-0.200,"",-11.0,3.6,-7.3,-0.1
196,Josh Jackson\jacksjo02,SF,20,PHO,9,217,9.3,.471,.318,.341,2.3,11.9,7.1,5.1,2.5,0.0,8.4,20.2,"",-0.1,0.1,0.0,.000,"",-2.3,-2.1,-4.5,-0.1
197,Justin Jackson\jacksju01,SF,22,SAC,8,139,8.8,.560,.421,.132,3.0,4.9,3.9,3.4,0.4,0.7,11.1,14.4,"",0.1,-0.1,0.0,.007,"",-1.9,-3.4,-5.3,-0.1
198,Reggie Jackson\jacksre01,PG,27,DET,9,260,20.9,.535,.294,.227,5.3,11.1,8.0,33.3,1.9,0.0,12.1,24.9,"",0.7,0.2,0.9,.175,"",4.0,0.2,4.2,0.4
199,LeBron James\jamesle01,PF,33,CLE,9,339,32.8,.681,.209,.267,3.8,19.0,11.6,45.3,1.7,2.8,16.9,30.1,"",1.7,0.1,1.9,.264,"",10.1,0.6,10.7,1.1
200,Mike James\jamesmi02,PG,27,PHO,9,215,15.4,.497,.333,.344,1.9,9.6,5.7,29.3,2.1,1.0,13.4,22.9,"",0.2,0.1,0.2,.056,"",0.8,-2.2,-1.4,0.0
201,Al Jefferson\jeffeal01,C,33,IND,7,104,20.0,.533,.024,.171,10.6,28.2,19.5,11.3,1.8,5.2,12.0,20.5,"",0.1,0.2,0.3,.145,"",-1.6,3.0,1.4,0.1
202,Richard Jefferson\jefferi01,SF,37,DEN,2,7,5.4,.568,"","",0.0,15.7,7.8,0.0,0.0,0.0,0.0,5.4,"",0.0,0.0,0.0,.058,"",-5.5,-3.4,-8.8,0.0
203,Jonas Jerebko\jerebjo01,PF,30,UTA,4,37,13.5,.814,.600,.800,6.3,27.4,17.0,8.1,0.0,0.0,12.9,9.6,"",0.1,0.1,0.2,.228,"",1.3,-0.3,1.0,0.0
204,Amir Johnson\johnsam01,C,30,PHI,9,142,14.9,.506,.156,.222,14.3,23.7,19.0,7.1,1.7,3.2,9.2,15.9,"",0.2,0.2,0.4,.132,"",-1.2,1.4,0.2,0.1
205,Brice Johnson\johnsbr02,PF,23,LAC,3,18,15.9,.727,.000,.333,0.0,34.1,17.4,9.4,2.7,0.0,22.5,21.2,"",0.0,0.0,0.1,.203,"",-1.6,2.4,0.8,0.0
206,Dakari Johnson\johnsda04,C,22,OKC,3,8,75.8,.750,.000,.000,42.2,28.0,35.1,83.2,6.2,22.6,0.0,21.7,"",0.1,0.0,0.2,.953,"",29.7,23.6,53.3,0.1
207,James Johnson\johnsja01,PF,30,MIA,7,198,18.1,.614,.339,.323,3.5,22.1,13.0,25.0,2.2,3.1,23.7,20.7,"",0.2,0.3,0.5,.129,"",0.6,3.3,3.9,0.3
208,Joe Johnson\johnsjo02,SF,36,UTA,7,134,8.5,.448,.370,.152,3.5,12.6,8.1,13.4,1.5,1.3,16.9,20.2,"",-0.2,0.2,0.0,-0.001,"",-4.3,0.5,-3.7,-0.1
209,Stanley Johnson\johnsst04,SF,21,DET,9,285,8.8,.480,.500,.189,1.1,11.4,5.9,7.0,2.4,0.3,8.0,13.3,"",0.1,0.3,0.4,.064,"",-1.2,1.9,0.6,0.2
210,Tyler Johnson\johnsty01,PG,25,MIA,8,210,10.5,.489,.425,.274,1.6,7.8,4.8,9.6,1.2,2.6,9.9,19.1,"",0.0,0.2,0.2,.044,"",-2.1,-0.3,-2.4,0.0
211,Wesley Johnson\johnswe01,SF,30,LAC,7,120,12.1,.460,.395,.263,2.7,18.8,10.9,7.2,2.5,3.5,4.5,15.9,"",0.1,0.2,0.3,.124,"",-1.4,3.8,2.4,0.1
212,Nikola Jokic\jokicni01,C,22,DEN,9,290,23.8,.623,.291,.182,8.6,32.1,20.3,23.1,1.7,1.5,15.6,20.9,"",0.9,0.5,1.3,.223,"",4.0,2.2,6.2,0.6
213,Derrick Jones\jonesde02,SF,20,PHO,3,19,8.2,.347,1.000,1.000,5.3,5.5,5.4,6.7,2.4,7.8,25.8,8.4,"",0.0,0.0,0.0,-0.005,"",-3.3,3.9,0.7,0.0
214,Jalen Jones\jonesja04,SF,24,NOP,1,3,-9.6,.000,.000,.000,0.0,34.9,17.6,0.0,0.0,0.0,0.0,14.1,"",0.0,0.0,0.0,-0.296,"",-20.5,-5.3,-25.9,0.0
215,Tyus Jones\jonesty01,PG,21,MIN,8,120,7.7,.514,.353,.588,1.9,9.0,5.4,19.5,1.2,0.0,27.2,10.5,"",0.0,0.0,0.0,.003,"",-1.1,-2.3,-3.4,0.0
216,DeAndre Jordan\jordade01,C,29,LAC,7,221,18.8,.570,.000,.587,17.4,32.9,25.3,1.9,0.9,3.0,10.8,12.6,"",0.5,0.5,1.0,.215,"",-0.3,1.9,1.6,0.2
217,Cory Joseph\josepco01,PG,26,IND,9,212,13.1,.542,.300,.243,2.1,11.3,6.7,13.3,2.5,0.7,15.3,18.3,"",0.1,0.2,0.3,.072,"",-0.9,0.1,-0.8,0.1
218,Frank Kaminsky\kaminfr01,C,24,CHO,8,221,13.3,.533,.357,.190,1.4,14.6,8.3,12.5,0.4,0.7,9.0,19.6,"",0.2,0.2,0.4,.097,"",-0.4,-0.3,-0.7,0.1
219,Enes Kanter\kanteen01,C,25,NYK,8,199,25.6,.665,.013,.234,19.1,27.0,23.2,6.1,1.0,2.9,15.9,21.6,"",0.7,0.2,0.9,.219,"",3.4,0.1,3.6,0.3
220,Luke Kennard\kennalu01,SG,21,DET,4,53,7.7,.481,.389,.222,2.0,13.7,7.4,10.8,1.9,0.0,20.2,20.3,"",-0.1,0.1,0.0,-0.027,"",-4.4,-0.1,-4.4,0.0
221,Michael Kidd-Gilchrist\kiddgmi01,SF,24,CHO,5,82,13.4,.571,.048,.190,3.9,19.1,11.8,3.8,1.2,4.0,8.1,13.1,"",0.1,0.1,0.2,.134,"",-2.7,2.7,0.0,0.0
222,Sean Kilpatrick\kilpase01,SG,28,BRK,4,32,11.9,.382,.353,.529,0.0,33.7,15.8,17.6,1.4,0.0,4.6,27.3,"",0.0,0.0,0.0,-0.040,"",-5.7,-2.2,-7.8,0.0
223,Maxi Kleber\klebima01,PF,26,DAL,5,53,23.5,.640,.438,.500,5.8,15.4,10.3,6.8,3.8,1.8,0.0,16.4,"",0.2,0.1,0.2,.225,"",3.9,0.3,4.3,0.1
224,Kyle Korver\korveky01,SG,36,CLE,9,176,15.6,.708,.746,.068,0.0,10.1,5.2,4.4,1.7,2.0,11.6,17.2,"",0.4,0.0,0.4,.100,"",3.3,-2.6,0.7,0.1
225,Kosta Koufos\koufoko01,C,28,SAC,8,152,15.6,.514,.000,.581,12.9,24.0,18.2,7.9,2.0,4.6,15.2,13.4,"",0.1,0.2,0.3,.100,"",-2.3,2.6,0.3,0.1
226,Kyle Kuzma\kuzmaky01,SF,22,LAL,9,253,18.7,.638,.350,.165,3.9,16.8,10.6,8.2,0.9,0.3,9.8,20.4,"",0.6,0.3,0.9,.163,"",2.7,-1.1,1.6,0.2
227,Skal Labissiere\labissk01,PF,21,SAC,8,178,17.8,.550,.083,.222,5.2,19.2,11.9,6.9,1.7,3.4,12.2,22.4,"",0.1,0.1,0.3,.070,"",-2.2,-0.5,-2.7,0.0
228,Jeremy Lamb\lambje01,SG,25,CHO,9,277,20.0,.590,.275,.342,1.5,16.2,9.2,18.3,1.2,0.9,9.8,23.9,"",0.7,0.4,1.1,.184,"",2.8,0.6,3.4,0.4
229,Shane Larkin\larkish01,PG,25,BOS,7,74,7.5,.368,.450,.200,1.5,12.9,7.3,25.1,2.0,0.0,12.1,14.8,"",0.0,0.1,0.1,.072,"",-3.9,0.8,-3.1,0.0
230,Joffrey Lauvergne\lauvejo01,C,26,SAS,3,47,10.6,.403,.048,.143,12.9,24.1,18.1,7.0,1.1,0.0,11.8,23.1,"",-0.1,0.1,0.0,-0.015,"",-5.6,-1.9,-7.5,-0.1
231,Jake Layman\laymaja01,SF,23,POR,2,14,9.8,.375,.500,.000,0.0,0.0,0.0,20.2,7.0,0.0,0.0,12.2,"",0.0,0.0,0.0,.140,"",-1.4,-0.9,-2.2,0.0
232,T.J. Leaf\leaftj01,PF,20,IND,9,135,11.1,.553,.279,.116,4.9,13.7,9.3,5.1,1.1,0.6,8.1,15.5,"",0.1,0.1,0.2,.080,"",-1.0,-1.5,-2.5,0.0
233,Courtney Lee\leeco01,SG,32,NYK,8,257,10.6,.541,.413,.053,0.9,11.9,6.6,10.6,2.1,0.0,12.5,14.5,"",0.2,0.2,0.3,.065,"",0.2,0.5,0.6,0.2
234,Alex Len\lenal01,C,24,PHO,8,178,16.1,.592,.000,.929,13.0,27.4,20.1,5.0,0.5,2.1,16.9,16.4,"",0.4,0.1,0.4,.119,"",-1.4,-1.2,-2.6,0.0
235,Meyers Leonard\leoname01,PF,25,POR,2,17,27.5,.709,.333,.667,12.4,25.5,18.9,0.0,2.9,0.0,11.4,22.0,"",0.1,0.0,0.1,.275,"",2.4,-5.2,-2.8,0.0
236,Jon Leuer\leuerjo01,PF,28,DET,8,136,9.2,.505,.083,.417,5.4,22.2,13.2,5.0,0.4,2.0,15.8,16.2,"",0.0,0.1,0.1,.051,"",-4.9,0.8,-4.1,-0.1
237,Caris LeVert\leverca01,SF,23,BRK,9,253,7.9,.428,.414,.273,1.5,12.3,6.6,16.4,1.8,1.4,14.6,20.4,"",-0.4,0.1,-0.3,-0.054,"",-3.9,-0.8,-4.7,-0.2
238,DeAndre Liggins\liggide01,SG,29,MIL,6,74,3.4,.526,.583,.250,1.6,6.5,4.1,3.6,0.7,3.6,27.3,11.4,"",-0.1,0.0,-0.1,-0.055,"",-4.2,-0.7,-4.9,-0.1
239,Damian Lillard\lillada01,PG,27,POR,9,329,24.7,.565,.392,.415,4.5,11.5,8.0,28.8,1.8,1.5,11.9,30.6,"",1.1,0.5,1.6,.233,"",6.8,0.1,6.9,0.7
240,Jeremy Lin\linje01,PG,29,BRK,1,25,16.3,.597,.167,.583,0.0,0.0,0.0,25.3,0.0,0.0,16.6,28.8,"",0.1,0.0,0.0,.078,"",-2.5,-10.4,-12.9,-0.1
241,Shaun Livingston\livinsh01,PG,32,GSW,8,130,9.5,.504,.031,.125,6.6,7.7,7.2,15.4,0.4,1.8,15.1,13.2,"",0.1,0.0,0.1,.048,"",-0.8,-2.3,-3.0,0.0
242,Kevon Looney\looneke01,C,21,GSW,2,19,26.4,.940,.000,.750,6.5,31.7,20.4,0.0,2.5,4.1,0.0,12.1,"",0.1,0.0,0.1,.324,"",3.7,-3.4,0.3,0.0
243,Brook Lopez\lopezbr01,C,29,LAL,9,224,19.6,.560,.342,.272,5.9,15.4,10.8,11.4,1.0,5.0,11.8,27.2,"",0.3,0.3,0.6,.136,"",1.2,0.9,2.0,0.2
244,Robin Lopez\lopezro01,C,29,CHI,7,216,18.6,.543,.066,.121,10.0,10.4,10.2,16.7,0.5,3.6,11.1,21.9,"",0.3,0.3,0.6,.127,"",0.7,1.8,2.5,0.2
245,Kevin Love\loveke01,C,29,CLE,9,269,20.3,.586,.450,.486,9.1,32.3,21.0,8.1,0.7,1.3,14.0,25.7,"",0.6,0.1,0.7,.120,"",0.9,-3.0,-2.2,0.0
246,Kyle Lowry\lowryky01,PG,31,TOR,8,263,15.1,.513,.546,.124,1.3,17.5,9.5,32.4,1.1,0.6,14.3,19.6,"",0.4,0.3,0.7,.122,"",2.4,0.2,2.6,0.3
247,Timothe Luwawu-Cabarrot\luwawti01,SF,22,PHI,8,107,9.7,.537,.718,.385,4.0,4.9,4.5,9.1,2.2,0.0,14.9,20.8,"",0.0,0.1,0.1,.053,"",0.0,-2.6,-2.6,0.0
248,Trey Lyles\lylestr01,PF,22,DEN,5,18,11.0,.571,.429,.000,6.0,24.4,15.2,8.4,0.0,4.9,22.2,21.6,"",0.0,0.0,0.0,.031,"",-3.8,-0.6,-4.4,0.0
249,Shelvin Mack\macksh01,PG,27,ORL,8,154,13.5,.499,.342,.184,1.5,8.7,5.2,33.8,1.8,0.5,18.0,14.0,"",0.2,0.2,0.4,.127,"",-0.7,-1.5,-2.2,0.0
250,Josh Magette\magetjo01,PG,28,ATL,5,19,12.9,.868,.500,1.000,0.0,5.6,2.8,21.7,0.0,0.0,0.0,6.6,"",0.1,0.0,0.1,.199,"",1.1,-5.4,-4.3,0.0
251,Ian Mahinmi\mahinia01,C,31,WAS,8,106,10.7,.507,.000,.240,18.3,15.3,16.8,6.5,1.8,2.3,24.6,14.5,"",0.0,0.1,0.1,.062,"",-1.6,1.3,-0.3,0.0
252,Thon Maker\makerth01,C,20,MIL,9,153,9.2,.527,.561,.146,5.5,11.7,8.6,5.5,2.9,1.2,13.8,15.3,"",0.0,0.1,0.1,.042,"",-0.5,-0.6,-1.1,0.0
253,Boban Marjanovic\marjabo01,C,29,DET,1,4,10.1,.333,.000,.000,0.0,0.0,0.0,0.0,12.4,0.0,0.0,32.6,"",0.0,0.0,0.0,-0.052,"",-8.3,3.5,-4.9,0.0
254,Lauri Markkanen\markkla01,PF,20,CHI,7,224,17.7,.603,.547,.267,5.0,24.7,14.9,5.0,0.7,1.2,11.1,21.2,"",0.4,0.3,0.7,.146,"",0.9,-0.6,0.3,0.1
255,Jarell Martin\martija01,PF,23,MEM,8,187,9.4,.478,.319,.255,7.9,13.6,10.8,5.2,1.9,4.6,16.1,15.2,"",-0.1,0.3,0.3,.071,"",-3.4,3.9,0.5,0.1
256,Frank Mason\masonfr01,PG,23,SAC,4,51,8.1,.413,.192,.269,2.0,4.5,3.2,19.9,1.0,0.0,12.1,28.7,"",-0.1,0.0,-0.1,-0.130,"",-5.2,-5.8,-11.0,-0.1
257,Mangok Mathiang\mathima01,C,25,CHO,1,3,-9.6,.000,.000,.000,35.6,32.6,34.0,0.0,0.0,0.0,0.0,28.8,"",0.0,0.0,0.0,-0.457,"",-21.7,-11.2,-32.8,0.0
258,Wesley Matthews\matthwe02,SG,31,DAL,10,344,10.5,.570,.580,.200,1.8,8.8,5.1,11.1,1.7,0.3,16.8,16.9,"",0.1,0.1,0.2,.024,"",0.0,-1.4,-1.4,0.1
259,Luc Mbah a Moute\mbahalu01,PF,31,HOU,10,291,11.8,.608,.420,.246,2.6,14.0,8.2,4.8,2.2,2.1,16.4,13.7,"",0.2,0.4,0.6,.098,"",-1.8,1.8,0.0,0.1
260,Patrick McCaw\mccawpa01,SG,22,GSW,8,101,13.0,.586,.391,.087,3.7,5.0,4.4,11.1,1.9,1.6,4.0,10.6,"",0.2,0.0,0.2,.109,"",2.3,-1.9,0.5,0.1
261,C.J. McCollum\mccolcj01,SG,26,POR,8,291,18.7,.565,.308,.217,1.8,12.7,7.2,14.2,1.0,0.9,7.7,24.8,"",0.7,0.3,1.1,.174,"",2.9,-1.1,1.8,0.3
262,T.J. McConnell\mccontj01,PG,25,PHI,9,199,15.1,.569,.176,.078,2.7,12.2,7.5,30.8,3.3,0.9,22.1,14.1,"",0.3,0.3,0.5,.131,"",-0.5,1.1,0.5,0.1
263,Chris McCullough\mcculch01,PF,22,WAS,1,7,22.2,.512,.000,.500,15.4,33.1,23.9,0.0,0.0,0.0,0.0,29.3,"",0.0,0.0,0.0,.155,"",-4.9,-11.3,-16.2,0.0
264,Doug McDermott\mcderdo01,SF,26,NYK,8,162,13.3,.600,.489,.106,3.6,9.7,6.8,11.8,0.6,1.2,7.5,14.0,"",0.4,0.1,0.4,.121,"",2.4,-1.0,1.4,0.1
265,JaVale McGee\mcgeeja01,C,30,GSW,7,65,21.7,.584,.050,.450,15.2,17.0,16.2,8.2,2.2,9.7,14.3,18.5,"",0.2,0.1,0.2,.182,"",1.0,3.3,4.3,0.1
266,Alfonzo McKinnie\mckinal01,SF,25,TOR,3,11,30.5,1.042,.333,1.000,0.0,20.4,10.3,0.0,0.0,7.6,18.8,20.9,"",0.1,0.0,0.1,.300,"",5.3,-1.6,3.6,0.0
267,Jodie Meeks\meeksjo01,SG,30,WAS,8,148,12.7,.539,.517,.345,0.7,8.6,4.5,2.9,2.3,0.0,8.2,20.7,"",0.1,0.1,0.2,.067,"",-0.6,-2.7,-3.4,-0.1
268,Salah Mejri\mejrisa01,C,31,DAL,6,64,20.7,.625,.000,.556,17.7,30.9,23.9,5.0,0.8,16.2,30.9,11.2,"",0.1,0.1,0.2,.141,"",-3.9,8.3,4.4,0.1
269,Jordan Mickey\mickejo01,PF,23,MIA,2,28,13.1,.530,.111,.111,12.2,35.1,23.9,0.0,0.0,5.5,17.5,18.1,"",0.0,0.0,0.0,.062,"",-7.9,-3.4,-11.4,-0.1
270,Khris Middleton\middlkh01,SF,26,MIL,9,327,15.1,.511,.289,.230,3.0,16.4,9.7,21.7,1.4,0.3,11.1,26.6,"",0.2,0.1,0.3,.049,"",0.0,-2.0,-2.0,0.0
271,C.J. Miles\milescj01,SF,30,TOR,7,137,13.2,.600,.759,.148,0.0,14.8,7.5,4.4,1.4,1.2,9.4,20.1,"",0.2,0.2,0.3,.119,"",2.2,-1.5,0.7,0.1
272,Darius Miller\milleda01,SF,27,NOP,9,96,2.2,.439,.769,.115,0.0,6.5,3.3,2.8,1.0,0.9,12.8,13.8,"",-0.1,0.1,-0.1,-0.036,"",-5.3,-2.0,-7.3,-0.1
273,Patty Mills\millspa02,PG,29,SAS,9,213,6.3,.436,.507,.082,0.5,5.3,2.8,19.1,1.4,0.4,15.6,18.0,"",-0.2,0.2,0.0,-0.010,"",-3.0,-2.2,-5.2,-0.2
274,Paul Millsap\millspa01,PF,32,DEN,9,283,17.5,.530,.229,.381,6.9,19.0,12.9,12.1,1.4,2.2,11.0,23.6,"",0.4,0.3,0.7,.121,"",-0.1,-0.2,-0.3,0.1
275,Donovan Mitchell\mitchdo01,SG,21,UTA,9,222,11.7,.471,.385,.162,2.6,7.1,4.9,16.3,2.3,2.4,12.6,29.6,"",-0.3,0.3,0.1,.016,"",-2.6,-0.3,-2.9,0.0
276,Malik Monk\monkma01,SG,19,CHO,9,193,7.3,.447,.556,.044,0.6,7.6,4.2,12.5,1.2,0.9,12.4,23.5,"",-0.3,0.2,-0.1,-0.026,"",-2.9,-1.4,-4.2,-0.1
277,Greg Monroe\monrogr01,C,27,MIL,5,79,11.4,.489,.000,.121,9.2,28.7,19.0,10.3,0.0,0.0,14.7,23.8,"",-0.1,0.0,0.0,-0.024,"",-5.3,-3.4,-8.6,-0.1
278,E'Twaun Moore\mooreet01,SG,28,NOP,9,287,9.9,.571,.381,.048,2.6,5.5,4.1,9.3,1.8,0.3,14.0,14.7,"",0.1,0.2,0.3,.057,"",-1.4,-0.7,-2.0,0.0
279,Eric Moreland\moreler01,PF,26,DET,6,50,8.5,.773,.000,.667,4.2,29.0,15.7,5.1,4.0,1.8,50.8,6.8,"",0.0,0.1,0.1,.067,"",-4.3,5.7,1.4,0.0
280,Marcus Morris\morrima03,F,28,BOS,1,18,13.1,.483,.250,.375,0.0,23.6,12.0,9.2,2.8,0.0,9.7,25.3,"",0.0,0.0,0.0,.109,"",-5.0,0.4,-4.6,0.0
281,Markieff Morris\morrima02,F,28,WAS,1,14,-3.3,.167,.333,.000,7.7,24.8,15.9,27.9,0.0,0.0,14.3,21.0,"",-0.1,0.0,-0.1,-0.214,"",-8.8,-1.1,-9.9,0.0
282,Timofey Mozgov\mozgoti01,C,31,BRK,9,142,11.6,.576,.306,.083,9.4,24.3,16.3,2.0,0.3,2.1,19.4,13.0,"",0.1,0.0,0.1,.040,"",-3.7,-1.8,-5.5,-0.1
283,Emmanuel Mudiay\mudiaem01,PG,21,DEN,9,198,14.4,.514,.242,.374,1.6,15.0,8.3,22.1,1.2,0.4,14.5,27.0,"",0.1,0.2,0.3,.062,"",-1.4,-2.2,-3.6,-0.1
284,Shabazz Muhammad\muhamsh01,SF,25,MIN,8,126,6.7,.380,.116,.093,6.4,7.6,7.0,3.4,0.8,1.3,0.0,15.3,"",-0.1,0.0,-0.1,-0.036,"",-2.7,-2.8,-5.5,-0.1
285,Dejounte Murray\murrade01,PG,21,SAS,9,213,13.4,.457,.027,.213,6.6,21.2,13.5,23.2,2.3,0.4,18.8,20.3,"",-0.1,0.3,0.2,.038,"",-2.8,2.0,-0.7,0.1
286,Jamal Murray\murraja01,PG,20,DEN,9,228,13.1,.496,.390,.190,4.3,5.8,5.0,17.1,0.9,0.8,10.3,24.0,"",0.2,0.1,0.3,.062,"",0.0,-3.4,-3.4,-0.1
287,Mike Muscala\muscami01,C,26,ATL,9,202,10.8,.524,.373,.235,5.7,15.4,10.4,6.6,1.7,2.2,12.4,13.8,"",0.1,0.1,0.3,.060,"",-2.1,0.4,-1.8,0.0
288,Abdel Nader\naderab01,SF,24,BOS,5,41,7.1,.433,.333,.000,5.3,7.8,6.6,11.8,2.4,2.0,21.1,20.5,"",-0.1,0.1,0.0,-0.010,"",-5.7,1.6,-4.0,0.0
289,Larry Nance\nancela02,PF,25,LAL,8,185,19.5,.642,.035,.368,10.7,23.0,17.1,5.7,3.0,2.2,17.4,18.3,"",0.3,0.4,0.7,.185,"",0.3,2.6,2.8,0.2
290,Shabazz Napier\napiesh01,PG,26,POR,6,46,20.5,.699,.417,.167,2.3,14.1,8.1,20.8,3.2,0.0,7.2,12.9,"",0.2,0.1,0.3,.263,"",4.4,0.9,5.3,0.1
291,Jameer Nelson\nelsoja01,PG,35,NOP,7,182,7.7,.504,.610,.146,0.0,8.6,4.4,21.6,1.0,0.5,21.6,13.0,"",0.0,0.1,0.1,.030,"",-3.5,-1.8,-5.3,-0.2
292,Raul Neto\netora01,PG,25,UTA,4,44,7.4,.500,.444,.000,2.6,10.2,6.5,10.4,3.5,2.0,30.8,13.5,"",-0.1,0.1,0.0,.015,"",-4.5,3.4,-1.1,0.0
293,Nerlens Noel\noelne01,C,23,DAL,10,186,16.5,.628,.000,.463,11.6,25.1,17.9,4.5,2.1,3.6,19.6,14.7,"",0.3,0.2,0.5,.130,"",-2.0,1.6,-0.4,0.1
294,Lucas Nogueira\noguelu01,C,25,TOR,5,96,23.7,.677,.160,.280,8.4,23.4,16.0,6.3,3.0,8.7,9.7,14.0,"",0.3,0.2,0.5,.261,"",2.3,6.8,9.1,0.3
295,Dirk Nowitzki\nowitdi01,C,39,DAL,10,249,12.1,.491,.317,.154,2.5,24.3,12.7,12.2,0.8,0.8,9.0,21.8,"",0.0,0.1,0.1,.017,"",-2.4,-1.6,-4.0,-0.1
296,Frank Ntilikina\ntilila01,PG,19,NYK,6,107,4.5,.359,.375,.000,1.1,6.9,4.1,26.9,4.6,0.0,28.9,17.9,"",-0.3,0.1,-0.2,-0.075,"",-4.9,0.6,-4.3,-0.1
297,Jusuf Nurkic\nurkiju01,C,23,POR,9,246,15.1,.498,.034,.339,6.0,24.7,15.2,13.0,1.6,3.0,16.6,28.2,"",-0.1,0.5,0.3,.062,"",-3.9,1.8,-2.0,0.0
298,David Nwaba\nwabada01,SG,25,CHI,7,149,15.5,.617,.129,.581,1.4,26.1,13.8,6.7,1.7,2.9,7.2,12.3,"",0.3,0.3,0.6,.178,"",-2.7,3.5,0.8,0.1
299,Johnny O'Bryant\obryajo01,PF,24,CHO,5,65,19.0,.557,.185,.296,8.2,15.0,11.8,7.7,1.5,2.5,8.9,22.3,"",0.1,0.1,0.2,.173,"",0.1,0.5,0.6,0.0
300,Royce O'Neale\onealro01,SF,24,UTA,3,9,0.4,.250,.250,.000,0.0,25.0,12.7,0.0,5.6,0.0,0.0,20.3,"",0.0,0.0,0.0,-0.097,"",-12.1,-0.9,-13.1,0.0
301,Kyle O'Quinn\oquinky01,C,27,NYK,8,131,19.7,.621,.065,.677,14.1,27.3,21.0,16.3,0.7,8.9,24.4,17.3,"",0.3,0.2,0.5,.177,"",0.5,5.9,6.5,0.3
302,Semi Ojeleye\ojelese01,PF,23,BOS,8,115,6.8,.566,.895,.263,3.8,6.5,5.2,1.2,0.9,0.0,4.5,8.5,"",0.1,0.2,0.3,.119,"",-0.9,-0.2,-1.1,0.0
303,Jahlil Okafor\okafoja01,C,22,PHI,1,22,17.0,.571,.000,.571,19.4,23.9,21.7,0.0,0.0,8.3,18.6,20.3,"",0.0,0.0,0.0,.106,"",-5.8,-2.8,-8.6,0.0
304,Victor Oladipo\oladivi01,SG,25,IND,9,287,24.6,.636,.327,.360,1.9,12.5,7.2,19.6,2.1,1.6,14.7,30.2,"",0.9,0.3,1.2,.195,"",4.8,-0.9,3.9,0.4
305,Kelly Olynyk\olynyke01,PF,26,MIA,8,171,18.7,.684,.407,.288,4.0,27.5,16.0,14.8,1.7,2.2,24.9,22.9,"",0.2,0.3,0.5,.134,"",0.5,1.8,2.4,0.2
306,Cedi Osman\osmande01,SF,22,CLE,5,18,5.2,.400,.200,.000,0.0,24.7,12.7,7.9,0.0,0.0,0.0,12.2,"",0.0,0.0,0.0,-0.031,"",-5.5,-3.1,-8.5,0.0
307,Kelly Oubre\oubreke01,SF,22,WAS,8,266,12.7,.611,.514,.189,3.6,15.7,9.4,3.2,1.6,1.9,10.1,14.1,"",0.4,0.2,0.6,.104,"",0.8,0.2,0.9,0.2
308,Zaza Pachulia\pachuza01,C,33,GSW,9,130,8.1,.520,.000,.194,10.4,26.3,19.2,8.6,1.5,1.2,30.8,16.1,"",-0.1,0.1,0.0,.006,"",-3.8,-0.3,-4.1,-0.1
309,Marcus Paige\paigema01,PG,24,CHO,1,3,-19.3,.000,.000,.000,0.0,65.2,34.0,0.0,0.0,0.0,0.0,28.8,"",0.0,0.0,0.0,-0.593,"",-32.7,-9.3,-42.0,0.0
310,Georgios Papagiannis\papagge01,C,20,SAC,2,12,17.4,1.000,.000,.000,0.0,19.0,9.0,13.9,0.0,8.3,33.3,11.1,"",0.0,0.0,0.0,.115,"",-2.3,2.1,-0.3,0.0
311,Chandler Parsons\parsoch01,SF,29,MEM,7,120,19.9,.654,.632,.289,1.9,13.8,7.9,16.2,1.7,1.6,4.5,17.0,"",0.4,0.2,0.6,.234,"",4.3,0.9,5.2,0.2
312,Patrick Patterson\pattepa01,PF,28,OKC,8,114,6.3,.455,.864,.000,3.0,12.8,7.9,4.6,1.3,1.6,12.0,9.5,"",0.0,0.2,0.1,.060,"",-2.7,1.1,-1.5,0.0
313,Brandon Paul\paulbr01,SG,26,SAS,9,126,9.1,.651,.500,.346,0.8,9.0,4.7,5.9,2.0,1.4,21.1,12.9,"",0.1,0.1,0.2,.079,"",-1.5,0.5,-1.0,0.0
314,Chris Paul\paulch01,PG,32,HOU,1,33,11.2,.222,.444,.000,3.3,24.1,13.5,42.5,2.9,2.6,10.0,13.2,"",0.0,0.1,0.0,.070,"",-4.2,3.1,-1.0,0.0
315,Elfrid Payton\paytoel01,PG,23,ORL,2,46,13.8,.450,.111,.111,0.0,9.0,4.7,40.8,4.1,1.7,24.1,23.2,"",-0.1,0.1,0.0,.022,"",-4.1,0.3,-3.9,0.0
316,Gary Payton\paytoga02,PG,25,MIL,1,3,-19.9,.000,1.000,.000,0.0,0.0,0.0,0.0,0.0,0.0,0.0,15.4,"",0.0,0.0,0.0,-0.417,"",-12.0,-6.3,-18.3,0.0
317,Alec Peters\peteral01,PF,22,PHO,2,14,7.8,.375,1.000,.000,0.0,22.2,10.9,0.0,0.0,10.6,0.0,11.7,"",0.0,0.0,0.0,-0.001,"",-5.9,-0.1,-6.0,0.0
318,Mason Plumlee\plumlma01,C,27,DEN,9,147,16.9,.534,.000,.634,9.6,22.4,16.0,13.1,2.3,4.2,17.3,18.6,"",0.1,0.2,0.4,.115,"",-2.0,2.9,0.9,0.1
319,Jakob Poeltl\poeltja01,C,22,TOR,8,148,20.9,.656,.000,.325,18.7,25.0,21.9,4.2,1.6,5.7,20.8,16.9,"",0.3,0.3,0.6,.195,"",1.1,3.1,4.1,0.2
320,Quincy Pondexter\pondequ01,SF,29,CHI,6,75,10.3,.484,.481,.333,6.9,8.2,7.5,9.2,2.0,2.3,16.2,21.6,"",-0.1,0.1,0.1,.035,"",-2.5,0.7,-1.9,0.0
321,Otto Porter\porteot01,SF,24,WAS,7,231,23.4,.670,.404,.146,4.7,20.0,12.1,8.3,3.3,1.8,5.0,18.1,"",0.8,0.3,1.1,.233,"",5.4,1.6,6.9,0.5
322,Kristaps Porzingis\porzikr01,PF,22,NYK,8,263,26.3,.573,.216,.341,5.3,20.0,13.0,6.1,0.7,5.1,8.6,35.8,"",0.7,0.3,1.0,.185,"",2.1,-1.9,0.2,0.1
323,Dwight Powell\poweldw01,C,26,DAL,10,176,9.4,.415,.420,.080,7.0,22.5,14.3,10.0,2.0,2.1,10.4,14.6,"",-0.1,0.1,0.1,.018,"",-3.1,1.1,-2.0,0.0
324,Norman Powell\powelno01,SG,24,TOR,8,182,10.5,.507,.466,.241,1.3,9.9,5.6,14.9,2.4,1.4,14.6,17.9,"",0.0,0.2,0.3,.071,"",-0.4,0.9,0.6,0.1
325,Alex Poythress\poythal01,PF,24,IND,4,10,23.7,1.500,1.000,.000,0.0,21.7,10.9,0.0,0.0,0.0,33.3,12.7,"",0.0,0.0,0.0,.127,"",5.9,-6.2,-0.3,0.0
326,Zhou Qi\qizh01,C,22,HOU,4,22,-7.3,.256,.750,.500,0.0,25.8,12.7,0.0,0.0,3.9,17.0,23.4,"",-0.1,0.0,-0.1,-0.265,"",-15.8,-4.8,-20.6,-0.1
327,Ivan Rabb\rabbiv01,PF,20,MEM,1,1,0.0,"","","",0.0,0.0,0.0,0.0,0.0,0.0,"",0.0,"",0.0,0.0,0.0,.020,"",-6.1,1.9,-4.2,0.0
328,Julius Randle\randlju01,PF,23,LAL,9,169,19.0,.642,.063,.438,4.6,25.2,15.3,13.4,0.8,4.3,19.1,23.5,"",0.2,0.3,0.5,.147,"",-0.8,2.3,1.5,0.1
329,Zach Randolph\randoza01,PF,36,SAC,6,141,13.1,.454,.162,.118,9.5,20.2,14.6,8.7,1.4,1.4,12.3,25.6,"",-0.2,0.1,-0.1,-0.027,"",-3.7,-2.1,-5.9,-0.1
330,J.J. Redick\redicjj01,SG,33,PHI,7,227,12.4,.567,.517,.090,0.0,9.3,4.7,16.3,0.6,0.0,9.8,18.8,"",0.3,0.1,0.4,.088,"",0.7,-2.8,-2.1,0.0
331,Willie Reed\reedwi02,C,27,LAC,7,79,20.8,.682,.000,.259,10.8,29.8,20.5,0.0,0.6,3.2,14.3,19.0,"",0.2,0.2,0.4,.218,"",-2.2,-2.8,-4.9,-0.1
332,Josh Richardson\richajo01,SF,24,MIA,8,266,7.2,.483,.577,.141,2.1,9.9,6.1,10.6,1.7,2.3,20.2,17.3,"",-0.3,0.3,-0.1,-0.009,"",-2.8,1.2,-1.6,0.0
333,Malachi Richardson\richama01,SG,22,SAC,5,67,9.0,.498,.435,.304,0.0,8.5,4.0,6.9,1.5,0.0,7.1,18.5,"",0.0,0.0,0.0,.018,"",-2.4,-3.8,-6.2,-0.1
334,Austin Rivers\riverau01,SG,25,LAC,7,214,10.4,.505,.408,.184,2.0,2.9,2.4,10.4,3.0,0.0,11.8,18.7,"",0.1,0.3,0.3,.076,"",0.2,0.7,0.9,0.2
335,Andre Roberson\roberan03,SF,26,OKC,8,156,8.4,.490,.405,.108,7.2,7.9,7.6,4.4,0.3,2.9,9.4,11.9,"",0.1,0.2,0.3,.078,"",-2.0,0.6,-1.3,0.0
336,Derrick Rose\rosede01,PG,29,CLE,5,143,15.7,.584,.148,.279,4.1,7.0,5.6,10.5,0.7,0.0,13.8,24.5,"",0.2,-0.1,0.1,.038,"",-0.7,-4.8,-5.5,-0.1
337,Terrence Ross\rosste01,SG,26,ORL,9,250,7.0,.417,.447,.165,3.2,12.8,8.2,8.0,1.7,1.8,12.5,17.9,"",-0.4,0.3,0.0,-0.008,"",-3.8,0.8,-3.1,-0.1
338,Terry Rozier\roziete01,PG,23,BOS,9,214,15.6,.478,.488,.131,2.0,18.9,10.6,16.6,3.5,0.0,4.3,19.2,"",0.2,0.5,0.7,.166,"",0.3,2.7,3.0,0.3
339,Ricky Rubio\rubiori01,PG,27,UTA,9,300,17.5,.569,.409,.383,3.1,11.6,7.4,31.3,3.0,0.3,22.5,26.4,"",0.2,0.5,0.8,.122,"",1.6,1.1,2.7,0.4
340,D'Angelo Russell\russeda01,PG,21,BRK,8,221,19.3,.529,.310,.282,3.4,13.6,8.2,34.7,2.0,0.0,15.8,34.1,"",0.1,0.1,0.2,.039,"",2.5,-1.9,0.5,0.1
341,Domantas Sabonis\sabondo01,PF,21,IND,9,239,21.1,.647,.039,.442,12.0,31.3,21.7,16.6,0.4,1.3,17.9,19.9,"",0.7,0.2,1.0,.191,"",2.0,1.0,2.9,0.3
342,JaKarr Sampson\sampsja02,SF,24,SAC,2,13,21.3,.615,.250,.500,15.9,26.3,20.9,12.5,0.0,0.0,0.0,16.6,"",0.1,0.0,0.1,.273,"",4.3,-3.1,1.2,0.0
343,Dario Saric\saricda01,PF,23,PHI,9,210,7.2,.462,.455,.091,6.1,15.1,10.6,8.0,0.4,0.9,14.0,18.4,"",-0.1,0.1,0.0,-0.004,"",-3.4,-1.5,-4.9,-0.2
344,Tomas Satoransky\satorto01,SG,26,WAS,4,52,11.3,.550,.455,.545,2.1,6.7,4.3,15.5,0.9,0.0,0.0,11.0,"",0.1,0.0,0.1,.117,"",0.8,-2.5,-1.8,0.0
345,Dennis Schroder\schrode01,PG,24,ATL,7,224,21.3,.534,.191,.198,2.8,6.2,4.5,38.3,1.9,0.0,11.2,31.0,"",0.4,0.1,0.4,.094,"",3.6,-3.6,0.0,0.1
346,Mike Scott\scottmi01,PF,29,WAS,8,168,11.7,.568,.220,.169,3.8,18.6,11.0,3.6,0.3,0.5,9.9,17.6,"",0.2,0.1,0.2,.068,"",-2.1,-2.6,-4.7,-0.1
347,Thabo Sefolosha\sefolth01,SF,33,UTA,9,192,15.0,.617,.347,.245,1.2,22.9,12.2,5.1,2.9,0.9,11.4,14.6,"",0.2,0.4,0.6,.161,"",-1.2,2.3,1.2,0.2
348,Ramon Sessions\sessira01,PG,31,NYK,4,85,9.0,.469,.286,.381,1.4,11.1,6.5,22.6,2.3,1.1,22.2,15.8,"",0.0,0.1,0.0,.024,"",-2.5,0.5,-2.0,0.0
349,Iman Shumpert\shumpim01,SG,27,CLE,6,109,9.0,.539,.448,.345,3.2,14.3,8.9,7.8,0.9,1.6,19.3,16.7,"",0.0,0.0,0.0,-0.016,"",-2.6,-2.1,-4.8,-0.1
350,Pascal Siakam\siakapa01,PF,23,TOR,7,127,22.4,.599,.288,.135,5.4,21.2,13.4,10.5,3.4,0.7,3.5,19.5,"",0.4,0.2,0.6,.228,"",4.0,1.7,5.7,0.2
351,Ben Simmons\simmobe01,PG,21,PHI,9,317,21.2,.538,.039,.398,6.7,22.6,14.7,36.4,2.1,1.7,17.1,23.8,"",0.6,0.4,1.0,.158,"",1.4,2.9,4.3,0.5
352,Jonathon Simmons\simmojo02,SG,28,ORL,9,230,16.4,.625,.261,.455,2.0,12.6,7.5,12.4,1.4,0.3,15.9,23.5,"",0.4,0.2,0.6,.132,"",0.7,-1.2,-0.5,0.1
353,Marcus Smart\smartma01,SG,23,BOS,7,204,10.8,.411,.425,.301,4.8,11.0,7.9,26.0,2.7,0.8,15.4,21.2,"",-0.1,0.4,0.3,.069,"",-2.2,2.0,-0.2,0.1
354,Dennis Smith\smithde03,PG,20,DAL,8,225,9.0,.447,.340,.243,2.7,8.8,5.6,32.6,1.3,0.4,20.3,28.2,"",-0.5,0.0,-0.5,-0.107,"",-3.1,-3.1,-6.2,-0.2
355,Ish Smith\smithis01,PG,29,DET,9,173,16.5,.552,.103,.088,2.4,10.5,6.2,33.8,1.1,0.5,18.5,21.7,"",0.2,0.1,0.4,.099,"",-0.3,-0.9,-1.2,0.0
356,J.R. Smith\smithjr01,SG,32,CLE,9,240,2.3,.366,.694,.081,1.9,8.8,5.5,9.5,1.2,0.4,14.6,13.8,"",-0.4,-0.1,-0.5,-0.094,"",-3.6,-2.2,-5.8,-0.2
357,Jason Smith\smithja02,C,31,WAS,4,46,4.2,.349,.625,.375,14.1,7.6,10.9,2.8,0.0,3.6,9.7,18.9,"",-0.1,0.0,0.0,-0.042,"",-3.5,-2.7,-6.2,0.0
358,Josh Smith\smithjo03,PF,32,NOP,3,12,3.5,.250,.000,.000,26.7,8.7,17.6,0.0,0.0,0.0,0.0,14.1,"",0.0,0.0,0.0,-0.010,"",-6.7,-6.9,-13.6,0.0
359,Tony Snell\snellto01,SG,26,MIL,9,296,12.2,.728,.607,.082,0.4,7.7,4.1,8.7,1.0,0.3,8.7,10.8,"",0.6,0.0,0.6,.103,"",2.9,-2.2,0.8,0.2
360,Marreese Speights\speigma01,C,30,ORL,6,61,20.3,.606,.788,.000,7.4,18.6,13.2,12.9,0.0,1.3,5.7,24.6,"",0.2,0.1,0.2,.189,"",6.3,-3.1,3.2,0.1
361,Nik Stauskas\stausni01,SG,24,PHI,2,14,11.6,.694,.000,1.000,0.0,0.0,0.0,0.0,6.7,0.0,25.8,11.5,"",0.0,0.0,0.0,.106,"",-2.7,3.0,0.3,0.0
362,Lance Stephenson\stephla01,SG,27,IND,9,172,3.9,.319,.354,.246,1.9,15.8,8.9,15.7,1.4,1.3,10.0,19.8,"",-0.4,0.1,-0.3,-0.087,"",-6.4,-0.4,-6.7,-0.2
363,Julyan Stone\stoneju01,SG,29,CHO,2,18,14.7,.750,1.000,.000,0.0,27.1,14.2,16.6,5.3,0.0,33.3,14.4,"",0.0,0.0,0.1,.156,"",0.8,4.9,5.7,0.0
364,Caleb Swanigan\swanica01,PF,20,POR,6,68,8.7,.375,.125,.250,14.0,17.5,15.7,13.1,2.2,1.2,18.4,20.4,"",-0.1,0.1,0.0,.011,"",-3.8,1.6,-2.2,0.0
365,Jayson Tatum\tatumja01,SF,19,BOS,9,288,16.0,.627,.309,.481,5.3,16.6,11.0,9.3,1.0,2.3,16.2,18.0,"",0.5,0.6,1.1,.183,"",0.1,2.2,2.3,0.3
366,Isaiah Taylor\taylois01,PG,23,ATL,7,95,14.7,.623,.222,.296,1.1,9.0,5.0,23.3,2.0,1.9,20.8,17.6,"",0.1,0.1,0.2,.091,"",-1.4,-1.4,-2.8,0.0
367,Jeff Teague\teaguje01,PG,29,MIN,8,262,15.8,.550,.284,.407,1.3,10.1,5.6,34.3,2.6,0.3,22.0,20.1,"",0.3,0.0,0.4,.068,"",1.9,-2.0,-0.1,0.1
368,Mirza Teletovic\teletmi01,PF,32,MIL,9,142,12.2,.598,.804,.000,1.7,16.0,8.9,10.3,1.4,0.6,13.2,17.2,"",0.1,0.1,0.1,.051,"",1.4,-2.5,-1.1,0.0
369,Garrett Temple\templga01,SG,31,SAC,7,161,12.0,.550,.638,.234,1.3,7.8,4.4,11.4,2.8,1.2,14.8,16.7,"",0.1,0.1,0.1,.044,"",-0.2,-1.1,-1.2,0.0
370,Milos Teodosic\teodomi01,PG,30,LAC,2,32,8.8,.458,.583,.000,0.0,3.2,1.6,36.4,0.0,2.6,20.0,20.1,"",0.0,0.0,0.0,.038,"",-2.3,-4.2,-6.5,0.0
371,Jason Terry\terryja01,SG,40,MIL,3,27,3.8,.170,.800,.400,0.0,8.8,4.5,13.6,5.5,0.0,14.5,11.7,"",-0.1,0.0,-0.1,-0.096,"",-5.5,1.2,-4.3,0.0
372,Daniel Theis\theisda01,C,25,BOS,8,110,14.6,.641,.107,.321,13.9,21.3,17.6,4.4,0.5,4.5,23.8,16.9,"",0.1,0.2,0.4,.168,"",-2.5,2.2,-0.3,0.0
373,Lance Thomas\thomala01,PF,29,NYK,6,76,6.7,.447,.474,.000,9.1,18.0,13.8,3.6,0.6,0.0,13.6,12.3,"",0.0,0.0,0.0,.018,"",-2.3,-1.4,-3.8,0.0
374,Klay Thompson\thompkl01,SG,27,GSW,9,304,19.5,.643,.463,.040,1.2,10.9,6.6,12.4,0.8,2.3,10.1,23.9,"",0.8,0.0,0.8,.127,"",4.2,-3.3,0.9,0.2
375,Tristan Thompson\thomptr01,C,26,CLE,8,173,9.9,.567,.000,.423,10.8,21.2,16.1,2.4,0.3,2.0,16.3,9.4,"",0.2,0.0,0.2,.048,"",-2.2,-1.5,-3.7,-0.1
376,Sindarius Thornwell\thornsi01,SG,23,LAC,7,72,15.9,.571,.190,.476,5.9,4.3,5.1,10.3,2.0,2.3,3.8,15.7,"",0.2,0.1,0.3,.205,"",2.2,1.5,3.7,0.1
377,Anthony Tolliver\tollian01,PF,32,DET,6,112,14.5,.535,.765,.353,6.6,10.8,8.5,6.1,1.3,2.4,4.8,16.0,"",0.2,0.1,0.3,.141,"",2.1,0.4,2.5,0.1
378,Karl-Anthony Towns\townska01,C,22,MIN,8,267,24.5,.638,.202,.286,8.6,30.6,19.4,4.6,0.9,4.8,11.8,24.5,"",0.8,0.2,1.0,.180,"",2.9,-1.1,1.8,0.3
379,P.J. Tucker\tuckepj01,SF,32,HOU,10,290,7.0,.477,.768,.196,3.8,17.6,10.6,6.3,2.3,0.9,16.5,11.0,"",-0.1,0.4,0.3,.058,"",-2.6,2.0,-0.6,0.1
380,Evan Turner\turneev01,SF,29,POR,9,256,12.0,.522,.264,.236,2.9,14.8,8.8,17.3,1.7,2.6,18.5,16.2,"",0.1,0.4,0.5,.096,"",-1.1,2.4,1.3,0.2
381,Myles Turner\turnemy01,C,21,IND,2,58,22.5,.510,.259,.370,9.5,33.7,21.7,5.1,0.8,9.2,6.0,24.5,"",0.1,0.1,0.2,.157,"",-2.7,1.6,-1.0,0.0
382,Ekpe Udoh\udohek01,C,30,UTA,9,122,11.6,.373,.000,.538,10.5,9.2,9.9,11.5,1.7,10.1,15.7,7.2,"",0.1,0.3,0.3,.130,"",-2.8,8.2,5.4,0.2
383,Tyler Ulis\ulisty01,PG,22,PHO,8,152,11.9,.446,.133,.317,2.7,5.5,4.0,27.6,2.7,0.0,16.0,22.0,"",-0.1,0.0,-0.1,-0.016,"",-2.5,-2.8,-5.3,-0.1
384,Jonas Valanciunas\valanjo01,C,25,TOR,4,80,23.0,.610,.033,.333,14.4,30.9,22.8,4.1,1.8,2.1,5.5,19.7,"",0.3,0.2,0.4,.267,"",1.7,0.0,1.7,0.1
385,Denzel Valentine\valende01,SG,24,CHI,7,176,9.8,.456,.549,.042,2.3,18.6,10.5,11.9,1.4,0.0,8.8,19.8,"",-0.1,0.2,0.1,.033,"",-2.2,0.2,-2.0,0.0
386,Fred VanVleet\vanvlfr01,PG,23,TOR,8,95,5.1,.368,.382,.176,0.0,5.9,3.0,18.7,2.5,1.8,16.0,19.9,"",-0.2,0.1,-0.1,-0.048,"",-5.1,-0.3,-5.4,-0.1
387,Rashad Vaughn\vaughra01,SG,21,MIL,5,52,13.5,.583,.556,.000,0.0,6.9,3.5,8.7,1.9,1.7,5.3,16.8,"",0.1,0.0,0.1,.071,"",0.8,-2.8,-1.9,0.0
388,Noah Vonleh\vonleno01,PF,22,POR,2,28,4.8,.396,.000,.600,7.5,3.9,5.7,4.8,0.0,5.9,13.7,11.1,"",0.0,0.0,0.0,.049,"",-4.5,2.1,-2.4,0.0
389,Nikola Vucevic\vucevni01,C,27,ORL,9,276,20.1,.601,.288,.106,3.3,22.8,13.4,14.8,1.0,2.8,12.1,24.5,"",0.5,0.4,0.9,.154,"",1.5,1.0,2.6,0.3
390,Dwyane Wade\wadedw01,SG,36,CLE,8,168,10.5,.430,.145,.113,1.4,9.3,5.4,27.6,1.7,3.1,16.6,20.5,"",-0.2,0.0,-0.1,-0.038,"",-4.2,-1.5,-5.7,-0.2
391,Dion Waiters\waitedi01,SG,26,MIA,8,260,12.8,.520,.379,.121,0.9,9.7,5.4,17.4,1.5,0.9,14.7,24.4,"",-0.1,0.2,0.1,.027,"",-1.2,-1.1,-2.3,0.0
392,Kemba Walker\walkeke02,PG,27,CHO,9,311,24.6,.631,.360,.507,1.4,7.9,4.8,29.0,1.1,0.8,11.2,26.1,"",1.3,0.3,1.7,.256,"",6.8,-1.3,5.5,0.6
393,John Wall\walljo01,PG,27,WAS,8,285,19.3,.497,.246,.442,1.1,9.7,5.3,45.2,1.7,2.6,15.8,28.9,"",0.4,0.2,0.5,.092,"",1.1,-1.0,0.1,0.1
394,Taurean Waller-Prince\princta02,SF,23,ATL,9,277,11.2,.524,.278,.104,1.9,18.2,9.9,11.5,2.1,1.0,18.3,23.0,"",-0.3,0.2,-0.1,-0.017,"",-3.5,-0.4,-3.9,-0.1
395,T.J. Warren\warretj01,SF,24,PHO,9,237,19.9,.546,.091,.306,6.8,17.0,11.9,7.9,1.2,2.2,8.7,26.0,"",0.4,0.1,0.5,.099,"",0.0,-2.1,-2.2,0.0
396,David West\westda01,C,37,GSW,9,105,28.0,.687,.073,.146,14.1,11.5,12.7,12.9,3.2,11.2,18.6,22.0,"",0.3,0.2,0.5,.214,"",4.1,4.9,9.0,0.3
397,Russell Westbrook\westbru01,PG,29,OKC,8,271,22.0,.529,.250,.344,4.2,26.9,15.5,56.1,1.8,0.7,22.6,30.4,"",0.4,0.6,1.0,.170,"",3.1,3.3,6.4,0.6
398,Derrick White\whitede01,PG,23,SAS,4,21,8.6,.133,.000,2.000,9.6,21.5,15.2,12.2,2.4,4.1,0.0,7.7,"",0.0,0.0,0.0,.030,"",-5.6,5.1,-0.5,0.0
399,Okaro White\whiteok01,PF,25,MIA,4,53,12.4,.690,.545,.273,4.3,8.2,6.3,0.0,0.9,1.4,7.5,11.1,"",0.1,0.0,0.1,.127,"",-0.1,-2.4,-2.5,0.0
400,Isaiah Whitehead\whiteis01,PG,22,BRK,1,5,-8.9,.000,.000,.000,0.0,0.0,0.0,24.0,0.0,0.0,0.0,15.9,"",0.0,0.0,0.0,-0.349,"",-15.8,-8.8,-24.6,0.0
401,Hassan Whiteside\whiteha01,C,28,MIA,3,87,27.3,.647,.053,.132,10.5,38.9,25.0,4.2,1.7,2.6,9.0,22.5,"",0.3,0.2,0.4,.237,"",-0.1,-0.3,-0.4,0.0
402,Andrew Wiggins\wiggian01,SF,22,MIN,8,285,13.7,.500,.308,.391,5.3,11.4,8.3,5.7,1.5,0.6,9.8,26.1,"",0.0,0.0,0.0,.005,"",-0.1,-3.6,-3.7,-0.1
403,Jacob Wiley\wileyja01,PF,23,BRK,2,6,1.0,.000,1.000,.000,15.8,35.9,25.2,0.0,0.0,0.0,0.0,6.6,"",0.0,0.0,0.0,-0.061,"",-8.9,-5.8,-14.7,0.0
404,Damien Wilkins\wilkida02,SF,38,IND,7,54,4.0,.333,.556,.000,4.1,8.0,6.1,11.2,0.9,0.0,18.2,8.7,"",0.0,0.0,0.0,-0.022,"",-3.7,-0.8,-4.5,0.0
405,Lou Williams\willilo02,SG,31,LAC,7,152,22.1,.593,.391,.391,1.4,8.8,5.2,29.2,1.0,0.0,11.0,25.6,"",0.6,0.1,0.7,.226,"",5.2,-1.8,3.5,0.2
406,Marvin Williams\willima02,PF,31,CHO,9,228,12.2,.563,.500,.150,3.7,13.7,8.9,5.3,1.5,1.1,7.3,13.1,"",0.3,0.3,0.6,.122,"",0.3,1.4,1.7,0.2
407,Troy Williams\willitr02,SF,23,HOU,2,7,-1.5,.269,.429,.143,15.7,32.4,23.9,0.0,0.0,0.0,0.0,46.4,"",-0.1,0.0,-0.1,-0.383,"",-18.0,-16.5,-34.6,-0.1
408,D.J. Wilson\wilsodj01,PF,21,MIL,3,14,6.6,.500,.250,.000,0.0,17.0,8.6,0.0,0.0,0.0,0.0,13.2,"",0.0,0.0,0.0,-0.007,"",-5.4,-6.2,-11.6,0.0
409,Justise Winslow\winslju01,SF,21,MIA,8,185,11.5,.518,.160,.140,5.5,20.1,13.0,7.1,1.6,1.2,13.1,14.6,"",0.0,0.2,0.3,.068,"",-2.7,1.3,-1.4,0.0
410,Jeff Withey\witheje01,C,27,DAL,4,21,10.0,.507,.625,.250,0.0,27.7,13.0,0.0,0.0,4.5,10.1,20.9,"",0.0,0.0,0.0,-0.024,"",-6.7,-5.4,-12.1,-0.1
411,Brandan Wright\wrighbr03,PF,30,MEM,8,112,16.1,.584,.000,.346,9.1,18.7,14.0,0.0,1.3,4.2,3.2,12.6,"",0.2,0.2,0.4,.184,"",-3.4,0.1,-3.3,0.0
412,Delon Wright\wrighde01,PG,25,TOR,8,182,12.2,.559,.545,.545,2.5,13.0,7.8,15.8,1.6,1.8,19.2,16.1,"",0.2,0.2,0.4,.106,"",0.4,1.2,1.7,0.2
413,Guerschon Yabusele\yabusgu01,PF,22,BOS,4,15,33.2,.709,.444,.222,29.1,7.1,18.0,0.0,0.0,0.0,16.8,35.0,"",0.1,0.0,0.1,.274,"",6.5,-10.4,-3.9,0.0
414,Joe Young\youngjo01,PG,25,IND,6,33,8.9,.440,.375,.313,3.3,13.2,8.3,8.7,0.0,0.0,5.2,24.7,"",0.0,0.0,0.0,-0.012,"",-3.6,-5.0,-8.6,-0.1
415,Nick Young\youngni01,SG,32,GSW,8,92,12.5,.639,.844,.063,4.0,4.4,4.2,4.2,0.5,0.9,8.4,16.8,"",0.2,0.0,0.2,.081,"",3.9,-5.4,-1.5,0.0
416,Thaddeus Young\youngth01,PF,29,IND,9,298,16.1,.553,.298,.070,6.3,13.5,9.9,3.9,2.5,1.5,7.1,18.0,"",0.4,0.3,0.7,.114,"",0.7,0.2,0.9,0.2
417,Cody Zeller\zelleco01,PF,25,CHO,5,96,15.0,.550,.000,.481,11.1,25.5,18.6,3.2,1.0,6.0,19.6,18.3,"",0.0,0.2,0.2,.120,"",-4.5,3.0,-1.5,0.0
418,Tyler Zeller\zellety01,C,28,BRK,4,50,10.1,.453,.095,.238,7.6,12.9,10.1,6.3,0.9,2.9,11.5,20.9,"",-0.1,0.0,0.0,-0.040,"",-5.2,-1.6,-6.8,-0.1
419,Paul Zipser\zipsepa01,SF,23,CHI,6,137,4.4,.426,.333,.051,1.5,20.2,10.9,13.2,1.5,0.0,23.1,16.6,"",-0.3,0.2,-0.1,-0.046,"",-6.7,1.7,-5.0,-0.1
420,Ante Zizic\zizican01,C,21,CLE,4,20,17.7,.565,.000,1.250,11.7,22.3,17.1,0.0,0.0,12.9,13.9,15.9,"",0.0,0.0,0.0,.111,"",-5.7,-0.2,-5.9,0.0
421,Ivica Zubac\zubaciv01,C,20,LAL,1,2,-53.3,.000,.000,.000,55.0,0.0,26.4,0.0,0.0,0.0,33.3,63.2,"",-0.1,0.0,-0.1,-1.438,"",-43.3,-15.9,-59.2,0.0
